Unnamed: 0,Unnamed: 0.1,Instances,Entity1ID,Entity2ID,Entity Pair,LabelInput,Pairs,Reverse,detail,label_index,means,word_x,positionInSentence_x,wordsInSentence_x,wordLen_x,relativePosition_x,posTag01_x,posTag02_x,posTag03_x,posTag04_x,posTag05_x,posTag06_x,posTag07_x,posTag08_x,posTag09_x,posTag10_x,posTag11_x,posTag12_x,lastLetterInt_x,firstLetterInt_x,word_y,positionInSentence_y,wordsInSentence_y,wordLen_y,relativePosition_y,posTag01_y,posTag02_y,posTag03_y,posTag04_y,posTag05_y,posTag06_y,posTag07_y,posTag08_y,posTag09_y,posTag10_y,posTag11_y,posTag12_y,lastLetterInt_y,firstLetterInt_y
2,2,"['information', 'retrieval', 'techniques', 'use', 'a', 'of', 'keywords']",H01-1001.5,H01-1001.7,"(H01-1001.5,H01-1001.7)",1,"['H01-1001.5', 'H01-1001.7']",True,USAGE,1,-0.0032298642838442765,information retrieval techniques,1.0,28.0,32.0,0.07142857142857142,9.0,9.0,11.0,-2.0,-2.0,-2.0,-2.0,-2.0,-2.0,-2.0,-2.0,-2.0,115.0,105.0,keywords,6.0,28.0,8.0,0.25,11.0,-2.0,-2.0,-2.0,-2.0,-2.0,-2.0,-2.0,-2.0,-2.0,-2.0,-2.0,115.0,107.0
15,15,"['oral', 'communication', 'may', 'offer', 'additional', 'indices']",H01-1001.9,H01-1001.10,"(H01-1001.9,H01-1001.10)",1,"['H01-1001.9', 'H01-1001.10']",False,USAGE,1,-0.002153135417687773,oral communication,11.0,28.0,18.0,0.42857142857142855,6.0,9.0,-2.0,-2.0,-2.0,-2.0,-2.0,-2.0,-2.0,-2.0,-2.0,-2.0,110.0,111.0,indices,15.0,28.0,7.0,0.5714285714285714,11.0,-2.0,-2.0,-2.0,-2.0,-2.0,-2.0,-2.0,-2.0,-2.0,-2.0,-2.0,115.0,105.0
18,18,"['database', 'of', 'TV', 'shows']",H01-1001.14,H01-1001.15,"(H01-1001.14,H01-1001.15)",1,"['H01-1001.14', 'H01-1001.15']",True,PART_WHOLE,3,-0.0009452017870816316,database,31.0,34.0,8.0,0.9411764705882352,9.0,-2.0,-2.0,-2.0,-2.0,-2.0,-2.0,-2.0,-2.0,-2.0,-2.0,-2.0,101.0,100.0,TV shows,33.0,34.0,8.0,1.0,9.0,11.0,-2.0,-2.0,-2.0,-2.0,-2.0,-2.0,-2.0,-2.0,-2.0,-2.0,115.0,84.0
38,38,"['distributed', 'message-passing', 'infrastructure', 'for', 'dialogue', 'systems']",H01-1017.4,H01-1017.5,"(H01-1017.4,H01-1017.5)",1,"['H01-1017.4', 'H01-1017.5']",False,MODEL-FEATURE,2,-0.002026317502424969,distributed message-passing infrastructure,24.0,33.0,42.0,0.7575757575757576,18.0,9.0,9.0,-2.0,-2.0,-2.0,-2.0,-2.0,-2.0,-2.0,-2.0,-2.0,101.0,100.0,dialogue systems,26.0,33.0,16.0,0.8181818181818182,9.0,11.0,-2.0,-2.0,-2.0,-2.0,-2.0,-2.0,-2.0,-2.0,-2.0,-2.0,115.0,100.0
43,43,"['CCLINC', 'Korean-to-English', 'translation', 'system', 'consists', 'of', 'two', 'core', 'modules']",H01-1041.3,H01-1041.4,"(H01-1041.3,H01-1041.4)",1,"['H01-1041.3', 'H01-1041.4']",True,PART_WHOLE,3,-0.002322511216004689,CCLINC Korean-to-English translation system,1.0,14.0,43.0,0.14285714285714285,9.0,6.0,9.0,9.0,-2.0,-2.0,-2.0,-2.0,-2.0,-2.0,-2.0,-2.0,109.0,67.0,core modules,5.0,14.0,12.0,0.42857142857142855,9.0,11.0,-2.0,-2.0,-2.0,-2.0,-2.0,-2.0,-2.0,-2.0,-2.0,-2.0,115.0,99.0
53,53,"['parsing', 'of', 'Korean']",H01-1041.8,H01-1041.9,"(H01-1041.8,H01-1041.9)",1,"['H01-1041.8', 'H01-1041.9']",False,USAGE,1,-0.0022465842299991185,parsing,10.0,24.0,7.0,0.4583333333333333,17.0,-2.0,-2.0,-2.0,-2.0,-2.0,-2.0,-2.0,-2.0,-2.0,-2.0,-2.0,103.0,112.0,Korean,12.0,24.0,6.0,0.5416666666666666,6.0,-2.0,-2.0,-2.0,-2.0,-2.0,-2.0,-2.0,-2.0,-2.0,-2.0,-2.0,110.0,75.0
62,62,"['verb', 'final', 'language', 'with', 'overt', 'case', 'markers']",H01-1041.10,H01-1041.11,"(H01-1041.10,H01-1041.11)",1,"['H01-1041.10', 'H01-1041.11']",True,MODEL-FEATURE,2,-0.0027125643094380696,verb final language,14.0,24.0,19.0,0.625,9.0,6.0,9.0,-2.0,-2.0,-2.0,-2.0,-2.0,-2.0,-2.0,-2.0,-2.0,101.0,118.0,overt case markers,16.0,24.0,18.0,0.7083333333333334,9.0,9.0,11.0,-2.0,-2.0,-2.0,-2.0,-2.0,-2.0,-2.0,-2.0,-2.0,115.0,111.0
68,68,"['translation', 'via', 'word', 'sense', 'disambiguation']",H01-1041.14,H01-1041.15,"(H01-1041.14,H01-1041.15)",1,"['H01-1041.14', 'H01-1041.15']",True,USAGE,1,-0.0015145826270008644,translation,3.0,12.0,11.0,0.3333333333333333,9.0,-2.0,-2.0,-2.0,-2.0,-2.0,-2.0,-2.0,-2.0,-2.0,-2.0,-2.0,110.0,116.0,word sense disambiguation,5.0,12.0,25.0,0.5,9.0,9.0,9.0,-2.0,-2.0,-2.0,-2.0,-2.0,-2.0,-2.0,-2.0,-2.0,110.0,119.0
81,81,"['automated', 'evaluation', 'techniques', 'originally', 'devised', 'for', 'the', 'evaluation', 'of', ',', 'to', 'the', 'output']",H01-1042.1,H01-1042.3,"(H01-1042.1,H01-1042.3)",1,"['H01-1042.1', 'H01-1042.3']",False,USAGE,1,-0.0030938291967960822,automated evaluation techniques,12.0,25.0,31.0,0.52,18.0,9.0,11.0,-2.0,-2.0,-2.0,-2.0,-2.0,-2.0,-2.0,-2.0,-2.0,115.0,97.0,output,22.0,25.0,6.0,0.92,9.0,-2.0,-2.0,-2.0,-2.0,-2.0,-2.0,-2.0,-2.0,-2.0,-2.0,-2.0,116.0,111.0
96,96,"['intelligibility', 'of', 'MT', 'output']",H01-1042.10,H01-1042.11,"(H01-1042.10,H01-1042.11)",1,"['H01-1042.10', 'H01-1042.11']",False,MODEL-FEATURE,2,-0.003934548841259344,intelligibility,12.0,15.0,15.0,0.8666666666666667,9.0,-2.0,-2.0,-2.0,-2.0,-2.0,-2.0,-2.0,-2.0,-2.0,-2.0,-2.0,121.0,105.0,MT output,14.0,15.0,9.0,1.0,9.0,9.0,-2.0,-2.0,-2.0,-2.0,-2.0,-2.0,-2.0,-2.0,-2.0,-2.0,116.0,77.0
106,106,"['spoken', 'language', 'understanding', 'system', 'with', 'intelligent', 'mobile', 'agents']",H01-1049.3,H01-1049.4,"(H01-1049.3,H01-1049.4)",1,"['H01-1049.3', 'H01-1049.4']",True,PART_WHOLE,3,-0.003039804347183393,spoken language understanding system,3.0,12.0,36.0,0.3333333333333333,9.0,9.0,17.0,9.0,-2.0,-2.0,-2.0,-2.0,-2.0,-2.0,-2.0,-2.0,109.0,115.0,intelligent mobile agents,5.0,12.0,25.0,0.5,9.0,9.0,11.0,-2.0,-2.0,-2.0,-2.0,-2.0,-2.0,-2.0,-2.0,-2.0,115.0,105.0
117,117,"['interpolation', 'methods', 'like', ',', 'improve', 'the', 'performance']",H01-1058.2,H01-1058.4,"(H01-1058.2,H01-1058.4)",1,"['H01-1058.2', 'H01-1058.4']",False,RESULT,5,-0.0035581119754646406,interpolation methods,4.0,19.0,21.0,0.2631578947368421,9.0,11.0,-2.0,-2.0,-2.0,-2.0,-2.0,-2.0,-2.0,-2.0,-2.0,-2.0,115.0,105.0,performance,9.0,19.0,11.0,0.5263157894736842,9.0,-2.0,-2.0,-2.0,-2.0,-2.0,-2.0,-2.0,-2.0,-2.0,-2.0,-2.0,101.0,112.0
139,139,"['word', 'string', 'with', 'the', 'best', 'performance']",H01-1058.9,H01-1058.10,"(H01-1058.9,H01-1058.10)",1,"['H01-1058.9', 'H01-1058.10']",False,RESULT,5,-0.002891504523299989,word string,8.0,31.0,11.0,0.2903225806451613,9.0,9.0,-2.0,-2.0,-2.0,-2.0,-2.0,-2.0,-2.0,-2.0,-2.0,-2.0,103.0,119.0,performance,12.0,31.0,11.0,0.41935483870967744,9.0,-2.0,-2.0,-2.0,-2.0,-2.0,-2.0,-2.0,-2.0,-2.0,-2.0,-2.0,101.0,112.0
153,153,"['word', 'string', 'has', 'been', 'obtained', 'by', 'using', 'a', 'different', 'LM']",H01-1058.13,H01-1058.14,"(H01-1058.13,H01-1058.14)",1,"['H01-1058.13', 'H01-1058.14']",True,RESULT,5,-0.002205482191509671,word string,22.0,31.0,11.0,0.7419354838709677,9.0,9.0,-2.0,-2.0,-2.0,-2.0,-2.0,-2.0,-2.0,-2.0,-2.0,-2.0,103.0,119.0,LM,30.0,31.0,2.0,1.0,9.0,-2.0,-2.0,-2.0,-2.0,-2.0,-2.0,-2.0,-2.0,-2.0,-2.0,-2.0,77.0,76.0
158,158,"['dynamic', 'combiner', 'with', 'using', 'the', 'reference']",H01-1058.16,H01-1058.18,"(H01-1058.16,H01-1058.18)",1,"['H01-1058.16', 'H01-1058.18']",True,USAGE,1,-0.003329570319917467,dynamic combiner,6.0,12.0,16.0,0.5833333333333334,6.0,9.0,-2.0,-2.0,-2.0,-2.0,-2.0,-2.0,-2.0,-2.0,-2.0,-2.0,114.0,100.0,reference,11.0,12.0,9.0,1.0,9.0,-2.0,-2.0,-2.0,-2.0,-2.0,-2.0,-2.0,-2.0,-2.0,-2.0,-2.0,101.0,114.0
160,160,"['dynamic', 'language', 'model', 'combination', 'to', 'improve', 'the', 'performance']",H01-1058.19,H01-1058.20,"(H01-1058.19,H01-1058.20)",1,"['H01-1058.19', 'H01-1058.20']",False,RESULT,5,-0.00268002707828847,dynamic language model combination,11.0,17.0,34.0,0.7058823529411765,6.0,9.0,9.0,9.0,-2.0,-2.0,-2.0,-2.0,-2.0,-2.0,-2.0,-2.0,110.0,100.0,performance,15.0,17.0,11.0,0.9411764705882352,9.0,-2.0,-2.0,-2.0,-2.0,-2.0,-2.0,-2.0,-2.0,-2.0,-2.0,-2.0,101.0,112.0
164,164,"['LMs', 'with', 'confidence', 'measures']",H01-1058.24,H01-1058.25,"(H01-1058.24,H01-1058.25)",1,"['H01-1058.24', 'H01-1058.25']",True,MODEL-FEATURE,2,-0.0028155841478487344,LMs,5.0,21.0,3.0,0.2857142857142857,9.0,-2.0,-2.0,-2.0,-2.0,-2.0,-2.0,-2.0,-2.0,-2.0,-2.0,-2.0,115.0,76.0,confidence measures,7.0,21.0,19.0,0.3809523809523809,9.0,11.0,-2.0,-2.0,-2.0,-2.0,-2.0,-2.0,-2.0,-2.0,-2.0,-2.0,115.0,99.0
173,173,"['LM', 'with', 'the', 'best', 'confidence']",H01-1058.27,H01-1058.28,"(H01-1058.27,H01-1058.28)",1,"['H01-1058.27', 'H01-1058.28']",True,MODEL-FEATURE,2,-0.003414298342179882,LM,16.0,21.0,2.0,0.8095238095238095,9.0,-2.0,-2.0,-2.0,-2.0,-2.0,-2.0,-2.0,-2.0,-2.0,-2.0,-2.0,77.0,76.0,confidence,20.0,21.0,10.0,1.0,9.0,-2.0,-2.0,-2.0,-2.0,-2.0,-2.0,-2.0,-2.0,-2.0,-2.0,-2.0,101.0,99.0
177,177,"['error-correction', 'rules', 'for', 'Thai', 'key', 'prediction']",H01-1070.2,H01-1070.3,"(H01-1070.2,H01-1070.3)",1,"['H01-1070.2', 'H01-1070.3']",False,USAGE,1,-0.003843412546011117,error-correction rules,9.0,14.0,22.0,0.7142857142857143,9.0,11.0,-2.0,-2.0,-2.0,-2.0,-2.0,-2.0,-2.0,-2.0,-2.0,-2.0,115.0,101.0,Thai key prediction,11.0,14.0,19.0,0.8571428571428571,9.0,9.0,9.0,-2.0,-2.0,-2.0,-2.0,-2.0,-2.0,-2.0,-2.0,-2.0,110.0,84.0
182,182,"['mutual', 'information', 'to', 'reduce', 'the', 'error-correction', 'rules']",H01-1070.6,H01-1070.7,"(H01-1070.6,H01-1070.7)",1,"['H01-1070.6', 'H01-1070.7']",False,USAGE,1,-0.0036663259623886703,mutual information,6.0,11.0,18.0,0.6363636363636364,6.0,9.0,-2.0,-2.0,-2.0,-2.0,-2.0,-2.0,-2.0,-2.0,-2.0,-2.0,110.0,109.0,error-correction rules,10.0,11.0,22.0,1.0,9.0,11.0,-2.0,-2.0,-2.0,-2.0,-2.0,-2.0,-2.0,-2.0,-2.0,-2.0,115.0,101.0
183,183,"['accuracy', 'in', 'both', 'language', 'identification']",H01-1070.8,H01-1070.9,"(H01-1070.8,H01-1070.9)",1,"['H01-1070.8', 'H01-1070.9']",True,RESULT,5,-0.0027137792323316838,accuracy,6.0,12.0,8.0,0.5833333333333334,9.0,-2.0,-2.0,-2.0,-2.0,-2.0,-2.0,-2.0,-2.0,-2.0,-2.0,-2.0,121.0,97.0,language identification,9.0,12.0,23.0,0.8333333333333334,9.0,9.0,-2.0,-2.0,-2.0,-2.0,-2.0,-2.0,-2.0,-2.0,-2.0,-2.0,110.0,108.0
202,202,"['sentence', 'plans', 'for', 'a', 'given', 'text-plan', 'input']",N01-1003.12,N01-1003.13,"(N01-1003.12,N01-1003.13)",1,"['N01-1003.12', 'N01-1003.13']",False,MODEL-FEATURE,2,-0.002752484666804472,sentence plans,12.0,17.0,14.0,0.7647058823529411,9.0,11.0,-2.0,-2.0,-2.0,-2.0,-2.0,-2.0,-2.0,-2.0,-2.0,-2.0,115.0,115.0,text-plan input,16.0,17.0,15.0,1.0,9.0,9.0,-2.0,-2.0,-2.0,-2.0,-2.0,-2.0,-2.0,-2.0,-2.0,-2.0,116.0,116.0
208,208,"['ranking', 'rules', 'automatically', 'learned', 'from', 'training', 'data']",N01-1003.18,N01-1003.19,"(N01-1003.18,N01-1003.19)",1,"['N01-1003.18', 'N01-1003.19']",True,USAGE,1,-0.002722804316303186,ranking rules,3.0,8.0,13.0,0.5,17.0,11.0,-2.0,-2.0,-2.0,-2.0,-2.0,-2.0,-2.0,-2.0,-2.0,-2.0,115.0,114.0,training data,7.0,8.0,13.0,1.0,9.0,11.0,-2.0,-2.0,-2.0,-2.0,-2.0,-2.0,-2.0,-2.0,-2.0,-2.0,97.0,116.0
211,211,"['sentence', 'plan', 'whose', 'rating', 'on', 'average', 'is', 'only', '5%', 'worse', 'than', 'the', 'top', 'human-ranked', 'sentence', 'plan']",N01-1003.21,N01-1003.22,"(N01-1003.21,N01-1003.22)",1,"['N01-1003.21', 'N01-1003.22']",False,COMPARE,4,-0.0027986813202882433,sentence plan,10.0,22.0,13.0,0.5,9.0,9.0,-2.0,-2.0,-2.0,-2.0,-2.0,-2.0,-2.0,-2.0,-2.0,-2.0,110.0,115.0,top human-ranked sentence plan,21.0,22.0,30.0,1.0,9.0,6.0,9.0,9.0,-2.0,-2.0,-2.0,-2.0,-2.0,-2.0,-2.0,-2.0,110.0,116.0
221,221,"['retrieval', 'performance', 'of', 'a', 'translation', 'memory', 'system']",P01-1004.4,P01-1004.5,"(P01-1004.4,P01-1004.5)",1,"['P01-1004.4', 'P01-1004.5']",True,RESULT,5,-0.002425528378100009,retrieval performance,15.0,19.0,21.0,0.8421052631578947,9.0,9.0,-2.0,-2.0,-2.0,-2.0,-2.0,-2.0,-2.0,-2.0,-2.0,-2.0,101.0,114.0,translation memory system,18.0,19.0,25.0,1.0,9.0,9.0,9.0,-2.0,-2.0,-2.0,-2.0,-2.0,-2.0,-2.0,-2.0,-2.0,109.0,116.0
222,222,"['bag-of-words', 'and', 'segment', 'order-sensitive', 'string', 'comparison', 'methods', 'and', 'run', 'each', 'over', 'both', 'character-', 'and', 'word-segmented', 'data']",P01-1004.6,P01-1004.7,"(P01-1004.6,P01-1004.7)",1,"['P01-1004.6', 'P01-1004.7']",False,USAGE,1,-0.0018777904171175719,bag-of-words and segment order-sensitive string comparison methods,6.0,25.0,66.0,0.28,11.0,2.0,9.0,6.0,9.0,9.0,11.0,-2.0,-2.0,-2.0,-2.0,-2.0,115.0,98.0,character- and word-segmented data,12.0,25.0,34.0,0.52,9.0,2.0,6.0,11.0,-2.0,-2.0,-2.0,-2.0,-2.0,-2.0,-2.0,-2.0,97.0,99.0
232,232,"['indexing', 'according', 'to', 'simple', 'character', 'bigrams']",P01-1004.11,P01-1004.12,"(P01-1004.11,P01-1004.12)",1,"['P01-1004.11', 'P01-1004.12']",True,USAGE,1,-0.0019036136712783421,indexing,7.0,22.0,8.0,0.3636363636363637,17.0,-2.0,-2.0,-2.0,-2.0,-2.0,-2.0,-2.0,-2.0,-2.0,-2.0,-2.0,103.0,105.0,character bigrams,11.0,22.0,17.0,0.5454545454545454,9.0,11.0,-2.0,-2.0,-2.0,-2.0,-2.0,-2.0,-2.0,-2.0,-2.0,-2.0,115.0,99.0
241,241,"['bag-of-words', 'methods', 'are', 'shown', 'to', 'be', 'equivalent', 'to', 'segment', 'order-sensitive', 'methods']",P01-1004.16,P01-1004.17,"(P01-1004.16,P01-1004.17)",1,"['P01-1004.16', 'P01-1004.17']",False,COMPARE,4,-0.0024367152034551237,bag-of-words methods,4.0,19.0,20.0,0.2631578947368421,11.0,11.0,-2.0,-2.0,-2.0,-2.0,-2.0,-2.0,-2.0,-2.0,-2.0,-2.0,115.0,98.0,segment order-sensitive methods,11.0,19.0,31.0,0.631578947368421,9.0,6.0,11.0,-2.0,-2.0,-2.0,-2.0,-2.0,-2.0,-2.0,-2.0,-2.0,115.0,115.0
244,244,"['range', 'concatenation', 'grammar', '[RCG]', 'formalism', 'has', 'revealed', 'many', 'attractive', 'properties', 'which', 'may', 'be', 'used', 'in', 'NLP']",P01-1007.1,P01-1007.2,"(P01-1007.1,P01-1007.2)",1,"['P01-1007.1', 'P01-1007.2']",False,USAGE,1,-0.002338494839435421,range concatenation grammar RCG formalism,5.0,17.0,41.0,0.35294117647058826,9.0,9.0,9.0,9.0,9.0,-2.0,-2.0,-2.0,-2.0,-2.0,-2.0,-2.0,109.0,114.0,NLP,16.0,17.0,3.0,1.0,9.0,-2.0,-2.0,-2.0,-2.0,-2.0,-2.0,-2.0,-2.0,-2.0,-2.0,-2.0,80.0,78.0
245,245,"['range', 'concatenation', 'languages', '[RCL]', 'can', 'be', 'parsed', 'in', 'polynomial', 'time']",P01-1007.3,P01-1007.4,"(P01-1007.3,P01-1007.4)",1,"['P01-1007.3', 'P01-1007.4']",True,MODEL-FEATURE,2,-0.0023483981106819122,range concatenation languages RCL,2.0,22.0,33.0,0.13636363636363635,9.0,9.0,11.0,9.0,-2.0,-2.0,-2.0,-2.0,-2.0,-2.0,-2.0,-2.0,76.0,114.0,polynomial time,7.0,22.0,15.0,0.3636363636363637,9.0,9.0,-2.0,-2.0,-2.0,-2.0,-2.0,-2.0,-2.0,-2.0,-2.0,-2.0,101.0,112.0
260,260,"['tree', 'adjoining', 'grammar', 'can', 'be', 'parsed', 'in', 'O(n6)', 'time']",P01-1007.10,P01-1007.11,"(P01-1007.10,P01-1007.11)",1,"['P01-1007.10', 'P01-1007.11']",True,MODEL-FEATURE,2,-0.002037577099270291,tree adjoining grammar,9.0,15.0,22.0,0.6666666666666666,9.0,17.0,9.0,-2.0,-2.0,-2.0,-2.0,-2.0,-2.0,-2.0,-2.0,-2.0,114.0,116.0,On6 time,14.0,15.0,8.0,1.0,9.0,9.0,-2.0,-2.0,-2.0,-2.0,-2.0,-2.0,-2.0,-2.0,-2.0,-2.0,101.0,79.0
261,261,"['parsing', 'technique', 'whose', 'purpose', 'is', 'to', 'improve', 'the', 'practical', 'efficiency', 'of', 'RCL', 'parsers']",P01-1007.12,P01-1007.13,"(P01-1007.12,P01-1007.13)",1,"['P01-1007.12', 'P01-1007.13']",False,USAGE,1,-0.002877427632013956,parsing technique,6.0,17.0,17.0,0.4117647058823529,17.0,9.0,-2.0,-2.0,-2.0,-2.0,-2.0,-2.0,-2.0,-2.0,-2.0,-2.0,101.0,112.0,RCL parsers,16.0,17.0,11.0,1.0,9.0,11.0,-2.0,-2.0,-2.0,-2.0,-2.0,-2.0,-2.0,-2.0,-2.0,-2.0,115.0,82.0
277,277,"['guide', 'which', 'uses', 'the', 'shared', 'derivation', 'forest']",P01-1007.17,P01-1007.18,"(P01-1007.17,P01-1007.18)",1,"['P01-1007.17', 'P01-1007.18']",True,USAGE,1,-0.003031095509505391,guide,12.0,26.0,5.0,0.5,9.0,-2.0,-2.0,-2.0,-2.0,-2.0,-2.0,-2.0,-2.0,-2.0,-2.0,-2.0,101.0,103.0,shared derivation forest,16.0,26.0,24.0,0.6538461538461539,18.0,9.0,9.0,-2.0,-2.0,-2.0,-2.0,-2.0,-2.0,-2.0,-2.0,-2.0,116.0,115.0
282,282,"['RCL', 'parser', 'for', 'a', 'suitable', 'superset', 'of', 'L']",P01-1007.19,P01-1007.20,"(P01-1007.19,P01-1007.20)",1,"['P01-1007.19', 'P01-1007.20']",False,USAGE,1,-0.002514179901530345,RCL parser,21.0,26.0,10.0,0.8461538461538461,9.0,9.0,-2.0,-2.0,-2.0,-2.0,-2.0,-2.0,-2.0,-2.0,-2.0,-2.0,114.0,82.0,superset of L,25.0,26.0,13.0,1.0,9.0,5.0,9.0,-2.0,-2.0,-2.0,-2.0,-2.0,-2.0,-2.0,-2.0,-2.0,76.0,115.0
283,283,"['paraphrasing', 'is', 'critical', 'both', 'for', 'interpretation', 'and', 'generation', 'of', 'natural', 'language']",P01-1008.1,P01-1008.2,"(P01-1008.1,P01-1008.2)",1,"['P01-1008.1', 'P01-1008.2']",False,USAGE,1,-0.00295021440568473,paraphrasing,1.0,17.0,12.0,0.1176470588235294,17.0,-2.0,-2.0,-2.0,-2.0,-2.0,-2.0,-2.0,-2.0,-2.0,-2.0,-2.0,103.0,112.0,interpretation and generation of natural language,6.0,17.0,49.0,0.4117647058823529,9.0,2.0,9.0,5.0,6.0,9.0,-2.0,-2.0,-2.0,-2.0,-2.0,-2.0,101.0,105.0
286,286,"['unsupervised', 'learning', 'algorithm', 'for', 'identification', 'of', 'paraphrases']",P01-1008.4,P01-1008.5,"(P01-1008.4,P01-1008.5)",1,"['P01-1008.4', 'P01-1008.5']",False,USAGE,1,-0.003078626074553449,unsupervised learning algorithm,3.0,13.0,31.0,0.3076923076923077,6.0,17.0,9.0,-2.0,-2.0,-2.0,-2.0,-2.0,-2.0,-2.0,-2.0,-2.0,109.0,117.0,identification of paraphrases,5.0,13.0,29.0,0.4615384615384616,9.0,5.0,11.0,-2.0,-2.0,-2.0,-2.0,-2.0,-2.0,-2.0,-2.0,-2.0,115.0,105.0
294,294,"['formal', 'analysis', 'for', 'a', 'large', 'class', 'of', 'called', 'alternative', 'markers']",P01-1009.1,P01-1009.3,"(P01-1009.1,P01-1009.3)",1,"['P01-1009.1', 'P01-1009.3']",False,TOPIC,6,-0.0019365725534182066,formal analysis,4.0,19.0,15.0,0.2631578947368421,6.0,9.0,-2.0,-2.0,-2.0,-2.0,-2.0,-2.0,-2.0,-2.0,-2.0,-2.0,115.0,102.0,alternative markers,12.0,19.0,19.0,0.6842105263157895,9.0,11.0,-2.0,-2.0,-2.0,-2.0,-2.0,-2.0,-2.0,-2.0,-2.0,-2.0,115.0,97.0
319,319,"['performance', 'of', 'a', 'can', 'be', 'improved', 'dramatically', 'by', 'incorporating', 'an', 'approximation', 'of', 'the', 'formal', 'analysis']",P01-1009.12,P01-1009.14,"(P01-1009.12,P01-1009.14)",1,"['P01-1009.12', 'P01-1009.14']",True,RESULT,5,-0.001977937396045203,performance,4.0,27.0,11.0,0.1851851851851852,9.0,-2.0,-2.0,-2.0,-2.0,-2.0,-2.0,-2.0,-2.0,-2.0,-2.0,-2.0,101.0,112.0,formal analysis,18.0,27.0,15.0,0.7037037037037037,6.0,9.0,-2.0,-2.0,-2.0,-2.0,-2.0,-2.0,-2.0,-2.0,-2.0,-2.0,115.0,102.0
328,328,"['operational', 'semantics', 'of', 'natural', 'language', 'applications']",P01-1009.17,P01-1009.18,"(P01-1009.17,P01-1009.18)",1,"['P01-1009.17', 'P01-1009.18']",False,PART_WHOLE,3,-0.002543095606102791,operational semantics,9.0,18.0,21.0,0.5555555555555556,6.0,11.0,-2.0,-2.0,-2.0,-2.0,-2.0,-2.0,-2.0,-2.0,-2.0,-2.0,115.0,111.0,natural language applications,11.0,18.0,29.0,0.6666666666666666,6.0,9.0,11.0,-2.0,-2.0,-2.0,-2.0,-2.0,-2.0,-2.0,-2.0,-2.0,115.0,110.0
365,365,"['learning', 'algorithm', 'from', 'structured', 'data']",P01-1047.10,P01-1047.11,"(P01-1047.10,P01-1047.11)",1,"['P01-1047.10', 'P01-1047.11']",True,USAGE,1,-0.0026686401800675827,learning algorithm,21.0,30.0,18.0,0.7333333333333333,17.0,9.0,-2.0,-2.0,-2.0,-2.0,-2.0,-2.0,-2.0,-2.0,-2.0,-2.0,109.0,108.0,structured data,23.0,30.0,15.0,0.8,18.0,11.0,-2.0,-2.0,-2.0,-2.0,-2.0,-2.0,-2.0,-2.0,-2.0,-2.0,97.0,115.0
383,383,"['quality', 'of', 'utterances']",P01-1056.3,P01-1056.4,"(P01-1056.3,P01-1056.4)",1,"['P01-1056.3', 'P01-1056.4']",False,MODEL-FEATURE,2,-0.0029684476826780585,quality,16.0,26.0,7.0,0.6538461538461539,9.0,-2.0,-2.0,-2.0,-2.0,-2.0,-2.0,-2.0,-2.0,-2.0,-2.0,-2.0,121.0,113.0,utterances,18.0,26.0,10.0,0.7307692307692307,11.0,-2.0,-2.0,-2.0,-2.0,-2.0,-2.0,-2.0,-2.0,-2.0,-2.0,-2.0,115.0,117.0
388,388,"['trainable', 'components', 'can', 'compete', 'with', 'hand-crafted', 'template-based', 'or', 'rule-based', 'approaches']",P01-1056.5,P01-1056.6,"(P01-1056.5,P01-1056.6)",1,"['P01-1056.5', 'P01-1056.6']",False,COMPARE,4,-0.002722949239504896,trainable components,21.0,26.0,20.0,0.8461538461538461,6.0,11.0,-2.0,-2.0,-2.0,-2.0,-2.0,-2.0,-2.0,-2.0,-2.0,-2.0,115.0,116.0,hand-crafted template-based or rule-based approaches,25.0,26.0,52.0,1.0,6.0,6.0,2.0,6.0,11.0,-2.0,-2.0,-2.0,-2.0,-2.0,-2.0,-2.0,115.0,104.0
389,389,"['trainable', 'sentence', 'planner', 'for', 'a', 'spoken', 'dialogue', 'system']",P01-1056.7,P01-1056.8,"(P01-1056.7,P01-1056.8)",1,"['P01-1056.7', 'P01-1056.8']",False,USAGE,1,-0.002918500373760859,trainable sentence planner,7.0,14.0,26.0,0.5714285714285714,6.0,9.0,9.0,-2.0,-2.0,-2.0,-2.0,-2.0,-2.0,-2.0,-2.0,-2.0,114.0,116.0,spoken dialogue system,10.0,14.0,22.0,0.7857142857142857,9.0,9.0,9.0,-2.0,-2.0,-2.0,-2.0,-2.0,-2.0,-2.0,-2.0,-2.0,109.0,115.0
395,395,"['trainable', 'sentence', 'planner', 'performs', 'better', 'than', 'the', 'rule-based', 'systems']",P01-1056.13,P01-1056.14,"(P01-1056.13,P01-1056.14)",1,"['P01-1056.13', 'P01-1056.14']",False,COMPARE,4,-0.003019786460869977,trainable sentence planner,4.0,19.0,26.0,0.2631578947368421,6.0,9.0,9.0,-2.0,-2.0,-2.0,-2.0,-2.0,-2.0,-2.0,-2.0,-2.0,114.0,116.0,rule-based systems,9.0,19.0,18.0,0.5263157894736842,6.0,11.0,-2.0,-2.0,-2.0,-2.0,-2.0,-2.0,-2.0,-2.0,-2.0,-2.0,115.0,114.0
403,403,"['statistical', 'models', 'of', 'WH-questions']",P01-1070.2,P01-1070.3,"(P01-1070.2,P01-1070.3)",1,"['P01-1070.2', 'P01-1070.3']",False,MODEL-FEATURE,2,-0.0015474381429929262,statistical models,12.0,15.0,18.0,0.8666666666666667,6.0,11.0,-2.0,-2.0,-2.0,-2.0,-2.0,-2.0,-2.0,-2.0,-2.0,-2.0,115.0,115.0,WH-questions,14.0,15.0,12.0,1.0,11.0,-2.0,-2.0,-2.0,-2.0,-2.0,-2.0,-2.0,-2.0,-2.0,-2.0,-2.0,115.0,87.0
407,407,"['shallow', 'linguistic', 'features', 'of', 'questions']",P01-1070.5,P01-1070.6,"(P01-1070.5,P01-1070.6)",1,"['P01-1070.5', 'P01-1070.6']",False,MODEL-FEATURE,2,-0.002798097048486982,shallow linguistic features,6.0,19.0,27.0,0.3684210526315789,9.0,6.0,11.0,-2.0,-2.0,-2.0,-2.0,-2.0,-2.0,-2.0,-2.0,-2.0,115.0,115.0,questions,8.0,19.0,9.0,0.4736842105263158,11.0,-2.0,-2.0,-2.0,-2.0,-2.0,-2.0,-2.0,-2.0,-2.0,-2.0,-2.0,115.0,113.0
410,410,"['predictive', 'performance', 'of', 'our', 'models']",P01-1070.8,P01-1070.9,"(P01-1070.8,P01-1070.9)",1,"['P01-1070.8', 'P01-1070.9']",True,RESULT,5,-0.003157827410942469,predictive performance,7.0,27.0,22.0,0.2962962962962963,9.0,9.0,-2.0,-2.0,-2.0,-2.0,-2.0,-2.0,-2.0,-2.0,-2.0,-2.0,101.0,112.0,models,10.0,27.0,6.0,0.4074074074074074,11.0,-2.0,-2.0,-2.0,-2.0,-2.0,-2.0,-2.0,-2.0,-2.0,-2.0,-2.0,115.0,109.0
415,415,"['training', 'and', 'testing', 'factors', 'on', 'predictive', 'performance']",P01-1070.10,P01-1070.11,"(P01-1070.10,P01-1070.11)",1,"['P01-1070.10', 'P01-1070.11']",False,RESULT,5,-0.002704005047940371,training and testing factors,16.0,27.0,28.0,0.6296296296296297,9.0,2.0,17.0,11.0,-2.0,-2.0,-2.0,-2.0,-2.0,-2.0,-2.0,-2.0,115.0,116.0,predictive performance,18.0,27.0,22.0,0.7037037037037037,9.0,9.0,-2.0,-2.0,-2.0,-2.0,-2.0,-2.0,-2.0,-2.0,-2.0,-2.0,101.0,112.0
416,416,"['utterance', 'classification', 'that', 'does', 'not', 'require', 'manual', 'transcription']",N03-1001.1,N03-1001.2,"(N03-1001.1,N03-1001.2)",1,"['N03-1001.1', 'N03-1001.2']",True,USAGE,1,-0.002743516253388446,utterance classification,6.0,14.0,24.0,0.5,9.0,9.0,-2.0,-2.0,-2.0,-2.0,-2.0,-2.0,-2.0,-2.0,-2.0,-2.0,110.0,117.0,manual transcription,11.0,14.0,20.0,0.8571428571428571,6.0,9.0,-2.0,-2.0,-2.0,-2.0,-2.0,-2.0,-2.0,-2.0,-2.0,-2.0,110.0,109.0
428,428,"['word-trigram', 'recognition', 'requiring', 'manual', 'transcription']",N03-1001.7,N03-1001.8,"(N03-1001.7,N03-1001.8)",1,"['N03-1001.7', 'N03-1001.8']",True,USAGE,1,-0.0029120966470297504,word-trigram recognition,21.0,24.0,24.0,0.9166666666666666,9.0,9.0,-2.0,-2.0,-2.0,-2.0,-2.0,-2.0,-2.0,-2.0,-2.0,-2.0,110.0,119.0,manual transcription,23.0,24.0,20.0,1.0,6.0,9.0,-2.0,-2.0,-2.0,-2.0,-2.0,-2.0,-2.0,-2.0,-2.0,-2.0,110.0,109.0
429,429,"['unsupervised', 'training', 'is', 'first', 'used', 'to', 'train', 'a', 'phone', 'n-gram', 'model']",N03-1001.9,N03-1001.10,"(N03-1001.9,N03-1001.10)",1,"['N03-1001.9', 'N03-1001.10']",False,USAGE,1,-0.0021160775724083486,unsupervised training,3.0,28.0,21.0,0.14285714285714285,6.0,9.0,-2.0,-2.0,-2.0,-2.0,-2.0,-2.0,-2.0,-2.0,-2.0,-2.0,103.0,117.0,phone n-gram model,10.0,28.0,18.0,0.3928571428571429,9.0,6.0,9.0,-2.0,-2.0,-2.0,-2.0,-2.0,-2.0,-2.0,-2.0,-2.0,108.0,112.0
446,446,"['output', 'of', 'with', 'this', 'is', 'then', 'passed', 'to', 'a', 'phone-string', 'classifier']",N03-1001.12,N03-1001.15,"(N03-1001.12,N03-1001.15)",1,"['N03-1001.12', 'N03-1001.15']",True,USAGE,1,-0.0023365338725322713,output,16.0,28.0,6.0,0.6071428571428571,9.0,-2.0,-2.0,-2.0,-2.0,-2.0,-2.0,-2.0,-2.0,-2.0,-2.0,-2.0,116.0,111.0,phone-string classifier,27.0,28.0,23.0,1.0,9.0,9.0,-2.0,-2.0,-2.0,-2.0,-2.0,-2.0,-2.0,-2.0,-2.0,-2.0,114.0,112.0
466,466,"['multi-strategy', 'and', 'multi-source', 'approach', 'to', 'question', 'answering', 'which', 'is', 'based', 'on', 'combining', 'the', 'results', 'from', 'different', 'answering', 'agents']",N03-1004.4,N03-1004.5,"(N03-1004.4,N03-1004.5)",1,"['N03-1004.4', 'N03-1004.5']",True,USAGE,1,-0.0024579668928075725,multi-strategy and multi-source approach to question answering,16.0,33.0,62.0,0.5151515151515151,9.0,2.0,9.0,9.0,14.0,9.0,17.0,-2.0,-2.0,-2.0,-2.0,-2.0,103.0,109.0,answering agents,26.0,33.0,16.0,0.8181818181818182,17.0,11.0,-2.0,-2.0,-2.0,-2.0,-2.0,-2.0,-2.0,-2.0,-2.0,-2.0,115.0,97.0
471,471,"['answers', 'in', 'multiple', 'corpora']",N03-1004.6,N03-1004.7,"(N03-1004.6,N03-1004.7)",1,"['N03-1004.6', 'N03-1004.7']",False,PART_WHOLE,3,-0.0024117496609687805,answers,29.0,33.0,7.0,0.9090909090909092,11.0,-2.0,-2.0,-2.0,-2.0,-2.0,-2.0,-2.0,-2.0,-2.0,-2.0,-2.0,115.0,97.0,corpora,32.0,33.0,7.0,1.0,11.0,-2.0,-2.0,-2.0,-2.0,-2.0,-2.0,-2.0,-2.0,-2.0,-2.0,-2.0,97.0,99.0
472,472,"['answering', 'agents', 'adopt', 'fundamentally', 'different', 'strategies,', 'one', 'utilizing', 'primarily', 'knowledge-based', 'mechanisms']",N03-1004.8,N03-1004.9,"(N03-1004.8,N03-1004.9)",1,"['N03-1004.8', 'N03-1004.9']",True,USAGE,1,-0.00298174386535769,answering agents,1.0,15.0,16.0,0.13333333333333333,17.0,11.0,-2.0,-2.0,-2.0,-2.0,-2.0,-2.0,-2.0,-2.0,-2.0,-2.0,115.0,97.0,knowledge-based mechanisms,9.0,15.0,26.0,0.6666666666666666,6.0,11.0,-2.0,-2.0,-2.0,-2.0,-2.0,-2.0,-2.0,-2.0,-2.0,-2.0,115.0,107.0
482,482,"['scoring', 'alternative', 'speech', 'recognition', 'hypotheses', '(SRH)']",N03-1012.4,N03-1012.5,"(N03-1012.4,N03-1012.5)",1,"['N03-1012.4', 'N03-1012.5']",False,USAGE,1,-0.003075815911765571,scoring,8.0,16.0,7.0,0.5625,17.0,-2.0,-2.0,-2.0,-2.0,-2.0,-2.0,-2.0,-2.0,-2.0,-2.0,-2.0,103.0,115.0,speech recognition hypotheses SRH,10.0,16.0,33.0,0.6875,9.0,9.0,11.0,9.0,-2.0,-2.0,-2.0,-2.0,-2.0,-2.0,-2.0,-2.0,72.0,115.0
492,492,"['phrase-based', 'models', 'outperform', 'word-based', 'models']",N03-1017.4,N03-1017.5,"(N03-1017.4,N03-1017.5)",1,"['N03-1017.4', 'N03-1017.5']",False,COMPARE,4,-0.0019239138563474022,phrase-based models,17.0,20.0,19.0,0.9,6.0,11.0,-2.0,-2.0,-2.0,-2.0,-2.0,-2.0,-2.0,-2.0,-2.0,-2.0,115.0,112.0,word-based models,19.0,20.0,17.0,1.0,6.0,11.0,-2.0,-2.0,-2.0,-2.0,-2.0,-2.0,-2.0,-2.0,-2.0,-2.0,115.0,119.0
499,499,"['heuristic', 'learning', 'of', 'from', 'word-based', 'alignments']",N03-1017.7,N03-1017.9,"(N03-1017.7,N03-1017.9)",1,"['N03-1017.7', 'N03-1017.9']",True,USAGE,1,-0.002584094597925593,heuristic learning,23.0,32.0,18.0,0.75,6.0,17.0,-2.0,-2.0,-2.0,-2.0,-2.0,-2.0,-2.0,-2.0,-2.0,-2.0,103.0,104.0,word-based alignments,27.0,32.0,21.0,0.875,6.0,11.0,-2.0,-2.0,-2.0,-2.0,-2.0,-2.0,-2.0,-2.0,-2.0,-2.0,115.0,119.0
507,507,"['lexical', 'weighting', 'of', 'phrase', 'translations']",N03-1017.10,N03-1017.11,"(N03-1017.10,N03-1017.11)",1,"['N03-1017.10', 'N03-1017.11']",False,MODEL-FEATURE,2,-0.0029041643085933877,lexical weighting,29.0,32.0,17.0,0.9375,6.0,17.0,-2.0,-2.0,-2.0,-2.0,-2.0,-2.0,-2.0,-2.0,-2.0,-2.0,103.0,108.0,phrase translations,31.0,32.0,19.0,1.0,9.0,11.0,-2.0,-2.0,-2.0,-2.0,-2.0,-2.0,-2.0,-2.0,-2.0,-2.0,115.0,112.0
513,513,"['phrases', 'from', 'high-accuracy', 'word-level', 'alignment', 'models']",N03-1017.14,N03-1017.15,"(N03-1017.14,N03-1017.15)",1,"['N03-1017.14', 'N03-1017.15']",False,PART_WHOLE,3,-0.0024206229758589235,phrases,9.0,20.0,7.0,0.5,11.0,-2.0,-2.0,-2.0,-2.0,-2.0,-2.0,-2.0,-2.0,-2.0,-2.0,-2.0,115.0,112.0,high-accuracy word-level alignment models,11.0,20.0,41.0,0.6,9.0,9.0,9.0,11.0,-2.0,-2.0,-2.0,-2.0,-2.0,-2.0,-2.0,-2.0,115.0,104.0
524,524,"['model', 'is', 'designed', 'for', 'use', 'in', 'error', 'correction']",N03-1018.6,N03-1018.7,"(N03-1018.6,N03-1018.7)",1,"['N03-1018.6', 'N03-1018.7']",False,USAGE,1,-0.002631132466452461,model,1.0,27.0,5.0,0.07407407407407407,9.0,-2.0,-2.0,-2.0,-2.0,-2.0,-2.0,-2.0,-2.0,-2.0,-2.0,-2.0,108.0,109.0,error correction,7.0,27.0,16.0,0.2962962962962963,9.0,9.0,-2.0,-2.0,-2.0,-2.0,-2.0,-2.0,-2.0,-2.0,-2.0,-2.0,110.0,101.0
533,533,"['post-processing', 'the', 'output']",N03-1018.8,N03-1018.9,"(N03-1018.8,N03-1018.9)",1,"['N03-1018.8', 'N03-1018.9']",False,USAGE,1,-0.002747270255177109,post-processing,12.0,27.0,15.0,0.4814814814814815,9.0,-2.0,-2.0,-2.0,-2.0,-2.0,-2.0,-2.0,-2.0,-2.0,-2.0,-2.0,103.0,112.0,output,14.0,27.0,6.0,0.5555555555555556,9.0,-2.0,-2.0,-2.0,-2.0,-2.0,-2.0,-2.0,-2.0,-2.0,-2.0,-2.0,116.0,111.0
539,539,"['model', 'based', 'on', 'finite-state', 'models']",N03-1018.12,N03-1018.13,"(N03-1018.12,N03-1018.13)",1,"['N03-1018.12', 'N03-1018.13']",True,USAGE,1,-0.002284857098261516,model,6.0,29.0,5.0,0.2413793103448276,9.0,-2.0,-2.0,-2.0,-2.0,-2.0,-2.0,-2.0,-2.0,-2.0,-2.0,-2.0,108.0,109.0,finite-state models,9.0,29.0,19.0,0.3448275862068966,9.0,11.0,-2.0,-2.0,-2.0,-2.0,-2.0,-2.0,-2.0,-2.0,-2.0,-2.0,115.0,102.0
550,550,"['model', ""'s"", 'ability', 'to', 'significantly', 'reduce', 'character', 'and', 'word', 'error', 'rate']",N03-1018.14,N03-1018.15,"(N03-1018.14,N03-1018.15)",1,"['N03-1018.14', 'N03-1018.15']",False,RESULT,5,-0.0023191906053286328,model,12.0,29.0,5.0,0.4482758620689655,9.0,-2.0,-2.0,-2.0,-2.0,-2.0,-2.0,-2.0,-2.0,-2.0,-2.0,-2.0,108.0,109.0,character and word error rate,18.0,29.0,29.0,0.6551724137931034,9.0,2.0,9.0,9.0,9.0,-2.0,-2.0,-2.0,-2.0,-2.0,-2.0,-2.0,101.0,99.0
558,558,"['automatic', 'extraction', 'of', 'from', 'printed', 'text']",N03-1018.16,N03-1018.18,"(N03-1018.16,N03-1018.18)",1,"['N03-1018.16', 'N03-1018.18']",False,USAGE,1,-0.0029919838706652328,automatic extraction,24.0,29.0,20.0,0.8620689655172413,6.0,9.0,-2.0,-2.0,-2.0,-2.0,-2.0,-2.0,-2.0,-2.0,-2.0,-2.0,110.0,97.0,printed text,28.0,29.0,12.0,1.0,18.0,9.0,-2.0,-2.0,-2.0,-2.0,-2.0,-2.0,-2.0,-2.0,-2.0,-2.0,116.0,112.0
560,560,"['ambiguity', 'packing', 'and', 'stochastic', 'disambiguation', 'techniques', 'for', 'Lexical-Functional', 'Grammars', '(LFG)']",N03-1026.1,N03-1026.2,"(N03-1026.1,N03-1026.2)",1,"['N03-1026.1', 'N03-1026.2']",False,USAGE,1,-0.0023803494858929486,ambiguity packing and stochastic disambiguation techniques,5.0,13.0,58.0,0.4615384615384616,9.0,17.0,2.0,6.0,9.0,11.0,-2.0,-2.0,-2.0,-2.0,-2.0,-2.0,115.0,97.0,Lexical-Functional Grammars LFG,7.0,13.0,31.0,0.6153846153846154,6.0,11.0,9.0,-2.0,-2.0,-2.0,-2.0,-2.0,-2.0,-2.0,-2.0,-2.0,71.0,76.0
563,563,"['linguistic', 'parser/generator', 'for', 'LFG']",N03-1026.4,N03-1026.5,"(N03-1026.4,N03-1026.5)",1,"['N03-1026.4', 'N03-1026.5']",False,USAGE,1,-0.0036693430360820564,linguistic parser/generator,4.0,19.0,27.0,0.2631578947368421,6.0,9.0,-2.0,-2.0,-2.0,-2.0,-2.0,-2.0,-2.0,-2.0,-2.0,-2.0,114.0,108.0,LFG,6.0,19.0,3.0,0.3684210526315789,9.0,-2.0,-2.0,-2.0,-2.0,-2.0,-2.0,-2.0,-2.0,-2.0,-2.0,-2.0,71.0,76.0
574,574,"['transfer', 'component', 'for', 'parse', 'reduction']",N03-1026.6,N03-1026.7,"(N03-1026.6,N03-1026.7)",1,"['N03-1026.6', 'N03-1026.7']",False,USAGE,1,-0.002921580554526529,transfer component,8.0,19.0,18.0,0.4736842105263158,9.0,9.0,-2.0,-2.0,-2.0,-2.0,-2.0,-2.0,-2.0,-2.0,-2.0,-2.0,116.0,116.0,parse reduction,10.0,19.0,15.0,0.5789473684210527,9.0,9.0,-2.0,-2.0,-2.0,-2.0,-2.0,-2.0,-2.0,-2.0,-2.0,-2.0,110.0,112.0
583,583,"['maximum-entropy', 'model', 'for', 'stochastic', 'output', 'selection']",N03-1026.9,N03-1026.10,"(N03-1026.9,N03-1026.10)",1,"['N03-1026.9', 'N03-1026.10']",True,USAGE,1,-0.0025794165498680536,maximum-entropy model,16.0,19.0,21.0,0.8947368421052632,9.0,9.0,-2.0,-2.0,-2.0,-2.0,-2.0,-2.0,-2.0,-2.0,-2.0,-2.0,108.0,109.0,stochastic output selection,18.0,19.0,27.0,1.0,6.0,9.0,9.0,-2.0,-2.0,-2.0,-2.0,-2.0,-2.0,-2.0,-2.0,-2.0,110.0,115.0
587,587,"['experimental', 'evaluation', 'of', 'summarization']",N03-1026.14,N03-1026.15,"(N03-1026.14,N03-1026.15)",1,"['N03-1026.14', 'N03-1026.15']",False,TOPIC,6,-0.0033710922085264192,experimental evaluation,1.0,18.0,23.0,0.1111111111111111,9.0,9.0,-2.0,-2.0,-2.0,-2.0,-2.0,-2.0,-2.0,-2.0,-2.0,-2.0,110.0,101.0,summarization,3.0,18.0,13.0,0.2222222222222222,9.0,-2.0,-2.0,-2.0,-2.0,-2.0,-2.0,-2.0,-2.0,-2.0,-2.0,-2.0,110.0,115.0
600,600,"['grammaticality', 'of', 'the', 'system', 'output']",N03-1026.20,N03-1026.21,"(N03-1026.20,N03-1026.21)",1,"['N03-1026.20', 'N03-1026.21']",False,MODEL-FEATURE,2,-0.0022336953449872588,grammaticality,11.0,22.0,14.0,0.5454545454545454,9.0,-2.0,-2.0,-2.0,-2.0,-2.0,-2.0,-2.0,-2.0,-2.0,-2.0,-2.0,121.0,103.0,system output,14.0,22.0,13.0,0.6818181818181818,9.0,9.0,-2.0,-2.0,-2.0,-2.0,-2.0,-2.0,-2.0,-2.0,-2.0,-2.0,116.0,115.0
628,628,"['priors', 'in', 'conditional', 'loglinear', 'models']",N03-1033.6,N03-1033.7,"(N03-1033.6,N03-1033.7)",1,"['N03-1033.6', 'N03-1033.7']",False,USAGE,1,-0.002386792522889597,priors,33.0,42.0,6.0,0.8095238095238095,11.0,-2.0,-2.0,-2.0,-2.0,-2.0,-2.0,-2.0,-2.0,-2.0,-2.0,-2.0,115.0,112.0,conditional loglinear models,35.0,42.0,28.0,0.8571428571428571,6.0,9.0,11.0,-2.0,-2.0,-2.0,-2.0,-2.0,-2.0,-2.0,-2.0,-2.0,115.0,99.0
634,634,"['training', 'data', 'suitable', 'for', 'language', 'modeling']",N03-2003.1,N03-2003.2,"(N03-2003.1,N03-2003.2)",1,"['N03-2003.1', 'N03-2003.2']",False,USAGE,1,-0.0026970205105171,training data,2.0,10.0,13.0,0.3,9.0,11.0,-2.0,-2.0,-2.0,-2.0,-2.0,-2.0,-2.0,-2.0,-2.0,-2.0,97.0,116.0,language modeling,5.0,10.0,17.0,0.6,9.0,17.0,-2.0,-2.0,-2.0,-2.0,-2.0,-2.0,-2.0,-2.0,-2.0,-2.0,103.0,108.0
645,645,"['text', 'from', 'the', 'web']",N03-2003.5,N03-2003.6,"(N03-2003.5,N03-2003.6)",1,"['N03-2003.5', 'N03-2003.6']",False,PART_WHOLE,3,-0.003407414118448893,text,11.0,45.0,4.0,0.26666666666666666,9.0,-2.0,-2.0,-2.0,-2.0,-2.0,-2.0,-2.0,-2.0,-2.0,-2.0,-2.0,116.0,116.0,web,14.0,45.0,3.0,0.3333333333333333,9.0,-2.0,-2.0,-2.0,-2.0,-2.0,-2.0,-2.0,-2.0,-2.0,-2.0,-2.0,98.0,119.0
673,673,"['translation', 'quality', 'of', 'EBMT']",N03-2006.1,N03-2006.2,"(N03-2006.1,N03-2006.2)",1,"['N03-2006.1', 'N03-2006.2']",True,RESULT,5,-0.002908607502778372,translation quality,5.0,27.0,19.0,0.2222222222222222,9.0,9.0,-2.0,-2.0,-2.0,-2.0,-2.0,-2.0,-2.0,-2.0,-2.0,-2.0,121.0,116.0,EBMT,7.0,27.0,4.0,0.2962962962962963,9.0,-2.0,-2.0,-2.0,-2.0,-2.0,-2.0,-2.0,-2.0,-2.0,-2.0,-2.0,84.0,69.0
703,703,"['hubs', 'in', 'an', 'automaton']",N03-2015.3,N03-2015.4,"(N03-2015.3,N03-2015.4)",1,"['N03-2015.3', 'N03-2015.4']",False,PART_WHOLE,3,-0.0014864263510463215,hubs,10.0,14.0,4.0,0.7857142857142857,11.0,-2.0,-2.0,-2.0,-2.0,-2.0,-2.0,-2.0,-2.0,-2.0,-2.0,-2.0,115.0,104.0,automaton,13.0,14.0,9.0,1.0,9.0,-2.0,-2.0,-2.0,-2.0,-2.0,-2.0,-2.0,-2.0,-2.0,-2.0,-2.0,110.0,97.0
723,723,"['syntax-based', 'constraint', 'for', 'word', 'alignment']",N03-2017.1,N03-2017.2,"(N03-2017.1,N03-2017.2)",1,"['N03-2017.1', 'N03-2017.2']",False,USAGE,1,-0.0014985470251105296,syntax-based constraint,3.0,10.0,23.0,0.4,6.0,9.0,-2.0,-2.0,-2.0,-2.0,-2.0,-2.0,-2.0,-2.0,-2.0,-2.0,116.0,115.0,word alignment,5.0,10.0,14.0,0.6,9.0,9.0,-2.0,-2.0,-2.0,-2.0,-2.0,-2.0,-2.0,-2.0,-2.0,-2.0,116.0,119.0
727,727,"['bootstrapping', 'approach', 'to', 'Named', 'Entity', '(NE)', 'tagging']",N03-2025.1,N03-2025.2,"(N03-2025.1,N03-2025.2)",1,"['N03-2025.1', 'N03-2025.2']",False,USAGE,1,-0.0024341410643433873,bootstrapping approach,2.0,11.0,22.0,0.2727272727272727,9.0,9.0,-2.0,-2.0,-2.0,-2.0,-2.0,-2.0,-2.0,-2.0,-2.0,-2.0,104.0,98.0,Named Entity NE tagging,4.0,11.0,23.0,0.4545454545454545,18.0,9.0,9.0,17.0,-2.0,-2.0,-2.0,-2.0,-2.0,-2.0,-2.0,-2.0,103.0,78.0
740,740,"['seeds', 'that', 'correspond', 'to', 'the', 'concept']",N03-2025.7,N03-2025.8,"(N03-2025.7,N03-2025.8)",1,"['N03-2025.7', 'N03-2025.8']",False,MODEL-FEATURE,2,-0.0024828670386112107,seeds,9.0,20.0,5.0,0.5,11.0,-2.0,-2.0,-2.0,-2.0,-2.0,-2.0,-2.0,-2.0,-2.0,-2.0,-2.0,115.0,115.0,concept,14.0,20.0,7.0,0.75,9.0,-2.0,-2.0,-2.0,-2.0,-2.0,-2.0,-2.0,-2.0,-2.0,-2.0,-2.0,116.0,99.0
744,744,"['decision', 'list', 'is', 'used', 'to', 'learn', 'the', 'parsing-based', 'NE', 'rules']",N03-2025.13,N03-2025.14,"(N03-2025.13,N03-2025.14)",1,"['N03-2025.13', 'N03-2025.14']",True,USAGE,1,-0.0021217943818280195,decision list,1.0,8.0,13.0,0.25,9.0,9.0,-2.0,-2.0,-2.0,-2.0,-2.0,-2.0,-2.0,-2.0,-2.0,-2.0,116.0,100.0,parsing-based NE rules,7.0,8.0,22.0,1.0,6.0,9.0,11.0,-2.0,-2.0,-2.0,-2.0,-2.0,-2.0,-2.0,-2.0,-2.0,115.0,112.0
745,745,"['Hidden', 'Markov', 'Model', 'is', 'trained', 'on', 'a', 'corpus']",N03-2025.15,N03-2025.16,"(N03-2025.15,N03-2025.16)",1,"['N03-2025.15', 'N03-2025.16']",False,USAGE,1,-0.0019822477760599627,Hidden Markov Model,2.0,14.0,19.0,0.21428571428571427,10.0,9.0,9.0,-2.0,-2.0,-2.0,-2.0,-2.0,-2.0,-2.0,-2.0,-2.0,108.0,72.0,corpus,7.0,14.0,6.0,0.5714285714285714,9.0,-2.0,-2.0,-2.0,-2.0,-2.0,-2.0,-2.0,-2.0,-2.0,-2.0,-2.0,115.0,99.0
751,751,"['phrase-based', 'unigram', 'model', 'for', 'statistical', 'machine', 'translation']",N03-2036.1,N03-2036.2,"(N03-2036.1,N03-2036.2)",1,"['N03-2036.1', 'N03-2036.2']",False,USAGE,1,-0.0020779766118715678,phrase-based unigram model,6.0,20.0,26.0,0.35,6.0,9.0,9.0,-2.0,-2.0,-2.0,-2.0,-2.0,-2.0,-2.0,-2.0,-2.0,108.0,112.0,statistical machine translation,8.0,20.0,31.0,0.45,6.0,9.0,9.0,-2.0,-2.0,-2.0,-2.0,-2.0,-2.0,-2.0,-2.0,-2.0,110.0,115.0
766,766,"['blocks', 'are', 'learned', 'from', 'source', 'interval', 'projections']",N03-2036.12,N03-2036.13,"(N03-2036.12,N03-2036.13)",1,"['N03-2036.12', 'N03-2036.13']",False,PART_WHOLE,3,-0.002827962751257909,blocks,3.0,12.0,6.0,0.3333333333333333,11.0,-2.0,-2.0,-2.0,-2.0,-2.0,-2.0,-2.0,-2.0,-2.0,-2.0,-2.0,115.0,98.0,source interval projections,7.0,12.0,27.0,0.6666666666666666,9.0,9.0,11.0,-2.0,-2.0,-2.0,-2.0,-2.0,-2.0,-2.0,-2.0,-2.0,115.0,115.0
769,769,"['block', 'selection', 'criteria', 'based', 'on', 'unigram']",N03-2036.15,N03-2036.16,"(N03-2036.15,N03-2036.16)",1,"['N03-2036.15', 'N03-2036.16']",True,USAGE,1,-0.002557148430082533,block selection criteria,5.0,13.0,24.0,0.4615384615384616,9.0,9.0,11.0,-2.0,-2.0,-2.0,-2.0,-2.0,-2.0,-2.0,-2.0,-2.0,97.0,98.0,unigram,8.0,13.0,7.0,0.6923076923076923,9.0,-2.0,-2.0,-2.0,-2.0,-2.0,-2.0,-2.0,-2.0,-2.0,-2.0,-2.0,109.0,117.0
772,772,"['Cooperative', 'Model', 'for', 'natural', 'language', 'understanding']",N03-3010.1,N03-3010.2,"(N03-3010.1,N03-3010.2)",1,"['N03-3010.1', 'N03-3010.2']",False,USAGE,1,-0.0033557805768760717,Cooperative Model,7.0,13.0,17.0,0.6153846153846154,6.0,9.0,-2.0,-2.0,-2.0,-2.0,-2.0,-2.0,-2.0,-2.0,-2.0,-2.0,108.0,67.0,natural language understanding,9.0,13.0,30.0,0.7692307692307693,6.0,9.0,17.0,-2.0,-2.0,-2.0,-2.0,-2.0,-2.0,-2.0,-2.0,-2.0,103.0,110.0
777,777,"['JAVELIN', 'system', 'integrates', 'a', 'flexible,', 'planning-based', 'architecture']",N03-4010.1,N03-4010.2,"(N03-4010.1,N03-4010.2)",1,"['N03-4010.1', 'N03-4010.2']",True,PART_WHOLE,3,-0.00320256195762605,JAVELIN system,1.0,17.0,14.0,0.1176470588235294,9.0,9.0,-2.0,-2.0,-2.0,-2.0,-2.0,-2.0,-2.0,-2.0,-2.0,-2.0,109.0,74.0,planning-based architecture,5.0,17.0,27.0,0.35294117647058826,6.0,9.0,-2.0,-2.0,-2.0,-2.0,-2.0,-2.0,-2.0,-2.0,-2.0,-2.0,101.0,112.0
787,787,"['JAVELIN', 'processes', 'questions']",N03-4010.6,N03-4010.7,"(N03-4010.6,N03-4010.7)",1,"['N03-4010.6', 'N03-4010.7']",False,USAGE,1,-0.002429984593176627,JAVELIN,6.0,19.0,7.0,0.3684210526315789,9.0,-2.0,-2.0,-2.0,-2.0,-2.0,-2.0,-2.0,-2.0,-2.0,-2.0,-2.0,78.0,74.0,questions,8.0,19.0,9.0,0.4736842105263158,11.0,-2.0,-2.0,-2.0,-2.0,-2.0,-2.0,-2.0,-2.0,-2.0,-2.0,-2.0,115.0,113.0
792,792,"['answer', 'candidates', 'from', 'the', 'given', 'text', 'corpus']",N03-4010.8,N03-4010.9,"(N03-4010.8,N03-4010.9)",1,"['N03-4010.8', 'N03-4010.9']",False,PART_WHOLE,3,-0.002278889827053956,answer candidates,14.0,19.0,17.0,0.7894736842105263,9.0,11.0,-2.0,-2.0,-2.0,-2.0,-2.0,-2.0,-2.0,-2.0,-2.0,-2.0,115.0,97.0,text corpus,18.0,19.0,11.0,1.0,9.0,9.0,-2.0,-2.0,-2.0,-2.0,-2.0,-2.0,-2.0,-2.0,-2.0,-2.0,115.0,116.0
793,793,"['repository', 'of', 'data', 'objects']",N03-4010.10,N03-4010.11,"(N03-4010.10,N03-4010.11)",1,"['N03-4010.10', 'N03-4010.11']",True,PART_WHOLE,3,-0.0018699389950841922,repository,13.0,23.0,10.0,0.6086956521739131,9.0,-2.0,-2.0,-2.0,-2.0,-2.0,-2.0,-2.0,-2.0,-2.0,-2.0,-2.0,121.0,114.0,data objects,15.0,23.0,12.0,0.6956521739130435,11.0,11.0,-2.0,-2.0,-2.0,-2.0,-2.0,-2.0,-2.0,-2.0,-2.0,-2.0,115.0,100.0
796,796,"['IE', 'paradigm', 'that', 'takes', 'advantage', 'of', 'predicate-argument', 'structures']",P03-1002.1,P03-1002.2,"(P03-1002.1,P03-1002.2)",1,"['P03-1002.1', 'P03-1002.2']",True,USAGE,1,-0.002753088271176373,IE paradigm,8.0,14.0,11.0,0.6428571428571429,9.0,9.0,-2.0,-2.0,-2.0,-2.0,-2.0,-2.0,-2.0,-2.0,-2.0,-2.0,109.0,73.0,predicate-argument structures,13.0,14.0,29.0,1.0,9.0,11.0,-2.0,-2.0,-2.0,-2.0,-2.0,-2.0,-2.0,-2.0,-2.0,-2.0,115.0,112.0
800,800,"['Hierarchical', 'Directed', 'Acyclic', 'Graph', '(HDAG)', 'Kernel', 'for', 'structured', 'natural', 'language', 'data']",P03-1005.1,P03-1005.2,"(P03-1005.1,P03-1005.2)",1,"['P03-1005.1', 'P03-1005.2']",False,USAGE,1,-0.003048597945107354,Hierarchical Directed Acyclic Graph HDAG Kernel,4.0,7.0,47.0,0.7142857142857143,6.0,18.0,6.0,9.0,9.0,11.0,-2.0,-2.0,-2.0,-2.0,-2.0,-2.0,108.0,72.0,structured natural language data,6.0,7.0,32.0,1.0,18.0,6.0,9.0,11.0,-2.0,-2.0,-2.0,-2.0,-2.0,-2.0,-2.0,-2.0,97.0,115.0
815,815,"['attribute', 'sequences', 'of', 'the', 'HDAGs']",P03-1005.7,P03-1005.8,"(P03-1005.7,P03-1005.8)",1,"['P03-1005.7', 'P03-1005.8']",False,MODEL-FEATURE,2,-0.003288453560736444,attribute sequences,23.0,27.0,19.0,0.8888888888888888,9.0,11.0,-2.0,-2.0,-2.0,-2.0,-2.0,-2.0,-2.0,-2.0,-2.0,-2.0,115.0,97.0,HDAGs,26.0,27.0,5.0,1.0,9.0,-2.0,-2.0,-2.0,-2.0,-2.0,-2.0,-2.0,-2.0,-2.0,-2.0,-2.0,115.0,72.0
822,822,"['HDAG', 'Kernel', 'is', 'superior', 'to', 'other', 'kernel', 'functions']",P03-1005.13,P03-1005.14,"(P03-1005.13,P03-1005.14)",1,"['P03-1005.13', 'P03-1005.14']",False,COMPARE,4,-0.0036826244506750015,HDAG Kernel,8.0,16.0,11.0,0.5625,9.0,11.0,-2.0,-2.0,-2.0,-2.0,-2.0,-2.0,-2.0,-2.0,-2.0,-2.0,108.0,72.0,kernel functions,13.0,16.0,16.0,0.875,11.0,11.0,-2.0,-2.0,-2.0,-2.0,-2.0,-2.0,-2.0,-2.0,-2.0,-2.0,115.0,107.0
827,827,"['semantic', 'verb', 'classes', 'from', 'undisambiguated', 'corpus', 'data']",P03-1009.2,P03-1009.3,"(P03-1009.2,P03-1009.3)",1,"['P03-1009.2', 'P03-1009.3']",False,MODEL-FEATURE,2,-0.0011343135174952054,semantic verb classes,10.0,14.0,21.0,0.7857142857142857,6.0,9.0,11.0,-2.0,-2.0,-2.0,-2.0,-2.0,-2.0,-2.0,-2.0,-2.0,115.0,115.0,corpus data,13.0,14.0,11.0,1.0,9.0,11.0,-2.0,-2.0,-2.0,-2.0,-2.0,-2.0,-2.0,-2.0,-2.0,-2.0,97.0,99.0
828,828,"['subcategorization', 'frame', '(SCF)', 'distributions', 'using', 'the', 'Information', 'Bottleneck']",P03-1009.4,P03-1009.5,"(P03-1009.4,P03-1009.5)",1,"['P03-1009.4', 'P03-1009.5']",True,USAGE,1,-0.0034115715821584065,subcategorization frame SCF,8.0,16.0,27.0,0.5625,9.0,9.0,9.0,-2.0,-2.0,-2.0,-2.0,-2.0,-2.0,-2.0,-2.0,-2.0,70.0,115.0,Information Bottleneck,12.0,16.0,22.0,0.8125,9.0,9.0,-2.0,-2.0,-2.0,-2.0,-2.0,-2.0,-2.0,-2.0,-2.0,-2.0,107.0,73.0
835,835,"['polysemy', 'on', 'the', 'clusters']",P03-1009.9,P03-1009.10,"(P03-1009.9,P03-1009.10)",1,"['P03-1009.9', 'P03-1009.10']",False,MODEL-FEATURE,2,-0.001964137274939734,polysemy,11.0,28.0,8.0,0.42857142857142855,9.0,-2.0,-2.0,-2.0,-2.0,-2.0,-2.0,-2.0,-2.0,-2.0,-2.0,-2.0,121.0,112.0,clusters,14.0,28.0,8.0,0.5357142857142857,11.0,-2.0,-2.0,-2.0,-2.0,-2.0,-2.0,-2.0,-2.0,-2.0,-2.0,-2.0,115.0,99.0
841,841,"['decision', 'tree', 'based', 'approach', 'to', 'pronoun', 'resolution']",P03-1022.1,P03-1022.2,"(P03-1022.1,P03-1022.2)",1,"['P03-1022.1', 'P03-1022.2']",False,USAGE,1,-0.0027161821005521,decision tree based approach,3.0,8.0,28.0,0.5,9.0,9.0,18.0,9.0,-2.0,-2.0,-2.0,-2.0,-2.0,-2.0,-2.0,-2.0,104.0,100.0,pronoun resolution,5.0,8.0,18.0,0.75,9.0,9.0,-2.0,-2.0,-2.0,-2.0,-2.0,-2.0,-2.0,-2.0,-2.0,-2.0,110.0,112.0
844,844,"['pronouns', 'with', 'NP-', 'and', 'non-NP-antecedents']",P03-1022.4,P03-1022.5,"(P03-1022.4,P03-1022.5)",1,"['P03-1022.4', 'P03-1022.5']",True,MODEL-FEATURE,2,-0.00275566225250562,pronouns,4.0,7.0,8.0,0.7142857142857143,11.0,-2.0,-2.0,-2.0,-2.0,-2.0,-2.0,-2.0,-2.0,-2.0,-2.0,-2.0,115.0,112.0,NP- and non-NP-antecedents,6.0,7.0,26.0,1.0,9.0,2.0,11.0,-2.0,-2.0,-2.0,-2.0,-2.0,-2.0,-2.0,-2.0,-2.0,115.0,78.0
848,848,"['pronoun', 'resolution', 'in', 'spoken', 'dialogue']",P03-1022.7,P03-1022.8,"(P03-1022.7,P03-1022.8)",1,"['P03-1022.7', 'P03-1022.8']",False,USAGE,1,-0.003420124331360343,pronoun resolution,8.0,17.0,18.0,0.5294117647058824,9.0,9.0,-2.0,-2.0,-2.0,-2.0,-2.0,-2.0,-2.0,-2.0,-2.0,-2.0,110.0,112.0,spoken dialogue,10.0,17.0,15.0,0.6470588235294118,9.0,9.0,-2.0,-2.0,-2.0,-2.0,-2.0,-2.0,-2.0,-2.0,-2.0,-2.0,101.0,115.0
854,854,"['Topic', 'Detection', 'and', 'Tracking', 'tasks', 'of', 'new', 'event', 'detection']",P03-1030.2,P03-1030.3,"(P03-1030.2,P03-1030.3)",1,"['P03-1030.2', 'P03-1030.3']",False,PART_WHOLE,3,-0.0034240057515163053,Topic Detection and Tracking tasks,10.0,13.0,34.0,0.8461538461538461,9.0,9.0,2.0,17.0,11.0,-2.0,-2.0,-2.0,-2.0,-2.0,-2.0,-2.0,115.0,84.0,new event detection,12.0,13.0,19.0,1.0,6.0,9.0,9.0,-2.0,-2.0,-2.0,-2.0,-2.0,-2.0,-2.0,-2.0,-2.0,110.0,110.0
868,868,"['discourse', 'understanding', 'process', 'in', 'spoken', 'dialogue', 'systems']",P03-1031.1,P03-1031.2,"(P03-1031.1,P03-1031.2)",1,"['P03-1031.1', 'P03-1031.2']",False,USAGE,1,-0.0017269507447878526,discourse understanding process,4.0,7.0,31.0,0.7142857142857143,9.0,17.0,9.0,-2.0,-2.0,-2.0,-2.0,-2.0,-2.0,-2.0,-2.0,-2.0,115.0,100.0,spoken dialogue systems,6.0,7.0,23.0,1.0,9.0,9.0,11.0,-2.0,-2.0,-2.0,-2.0,-2.0,-2.0,-2.0,-2.0,-2.0,115.0,115.0
871,871,"['context', 'of', 'a', 'dialogue']",P03-1031.4,P03-1031.5,"(P03-1031.4,P03-1031.5)",1,"['P03-1031.4', 'P03-1031.5']",False,MODEL-FEATURE,2,-0.002813600547173444,context,11.0,15.0,7.0,0.8,9.0,-2.0,-2.0,-2.0,-2.0,-2.0,-2.0,-2.0,-2.0,-2.0,-2.0,-2.0,116.0,99.0,dialogue,14.0,15.0,8.0,1.0,9.0,-2.0,-2.0,-2.0,-2.0,-2.0,-2.0,-2.0,-2.0,-2.0,-2.0,-2.0,101.0,100.0
872,872,"['candidates', 'for', 'the', 'understanding']",P03-1031.6,P03-1031.7,"(P03-1031.6,P03-1031.7)",1,"['P03-1031.6', 'P03-1031.7']",False,USAGE,1,-0.0024220648694921426,candidates,2.0,33.0,10.0,0.09090909090909093,11.0,-2.0,-2.0,-2.0,-2.0,-2.0,-2.0,-2.0,-2.0,-2.0,-2.0,-2.0,115.0,99.0,understanding,5.0,33.0,13.0,0.18181818181818185,17.0,-2.0,-2.0,-2.0,-2.0,-2.0,-2.0,-2.0,-2.0,-2.0,-2.0,-2.0,103.0,117.0
887,887,"['ambiguity', 'of', 'speech', 'understanding']",P03-1031.9,P03-1031.10,"(P03-1031.9,P03-1031.10)",1,"['P03-1031.9', 'P03-1031.10']",False,MODEL-FEATURE,2,-0.002533058886942657,ambiguity,16.0,33.0,9.0,0.5151515151515151,9.0,-2.0,-2.0,-2.0,-2.0,-2.0,-2.0,-2.0,-2.0,-2.0,-2.0,-2.0,121.0,97.0,speech understanding,18.0,33.0,20.0,0.5757575757575758,9.0,17.0,-2.0,-2.0,-2.0,-2.0,-2.0,-2.0,-2.0,-2.0,-2.0,-2.0,103.0,115.0
893,893,"['candidates', 'for', 'understanding']",P03-1031.13,P03-1031.14,"(P03-1031.13,P03-1031.14)",1,"['P03-1031.13', 'P03-1031.14']",False,USAGE,1,-0.0019288262777161184,candidates,3.0,20.0,10.0,0.2,11.0,-2.0,-2.0,-2.0,-2.0,-2.0,-2.0,-2.0,-2.0,-2.0,-2.0,-2.0,115.0,99.0,understanding,5.0,20.0,13.0,0.3,17.0,-2.0,-2.0,-2.0,-2.0,-2.0,-2.0,-2.0,-2.0,-2.0,-2.0,-2.0,103.0,117.0
905,905,"['statistical', 'information', 'obtained', 'from', 'dialogue', 'corpora']",P03-1031.19,P03-1031.20,"(P03-1031.19,P03-1031.20)",1,"['P03-1031.19', 'P03-1031.20']",False,MODEL-FEATURE,2,-0.002465954970007073,statistical information,11.0,15.0,23.0,0.8,6.0,9.0,-2.0,-2.0,-2.0,-2.0,-2.0,-2.0,-2.0,-2.0,-2.0,-2.0,110.0,115.0,dialogue corpora,14.0,15.0,16.0,1.0,9.0,11.0,-2.0,-2.0,-2.0,-2.0,-2.0,-2.0,-2.0,-2.0,-2.0,-2.0,97.0,100.0
907,907,"['candidates', 'for', 'understanding']",P03-1031.23,P03-1031.24,"(P03-1031.23,P03-1031.24)",1,"['P03-1031.23', 'P03-1031.24']",False,USAGE,1,-0.0019288262777161184,candidates,18.0,24.0,10.0,0.7916666666666666,11.0,-2.0,-2.0,-2.0,-2.0,-2.0,-2.0,-2.0,-2.0,-2.0,-2.0,-2.0,115.0,99.0,understanding,20.0,24.0,13.0,0.875,17.0,-2.0,-2.0,-2.0,-2.0,-2.0,-2.0,-2.0,-2.0,-2.0,-2.0,-2.0,103.0,117.0
908,908,"['user', 'modeling', 'in', 'order', 'to', 'generate', 'cooperative', 'responses']",P03-1033.1,P03-1033.2,"(P03-1033.1,P03-1033.2)",1,"['P03-1033.1', 'P03-1033.2']",False,USAGE,1,-0.003183071843881177,user modeling,3.0,14.0,13.0,0.2857142857142857,9.0,17.0,-2.0,-2.0,-2.0,-2.0,-2.0,-2.0,-2.0,-2.0,-2.0,-2.0,103.0,117.0,cooperative responses,8.0,14.0,21.0,0.6428571428571429,9.0,11.0,-2.0,-2.0,-2.0,-2.0,-2.0,-2.0,-2.0,-2.0,-2.0,-2.0,115.0,99.0
930,930,"['models', 'are', 'automatically', 'derived', 'by', 'decision', 'tree', 'learning']",P03-1033.14,P03-1033.15,"(P03-1033.14,P03-1033.15)",1,"['P03-1033.14', 'P03-1033.15']",True,MODEL-FEATURE,2,-0.0026296779668953524,models,2.0,15.0,6.0,0.2,11.0,-2.0,-2.0,-2.0,-2.0,-2.0,-2.0,-2.0,-2.0,-2.0,-2.0,-2.0,115.0,109.0,decision tree learning,7.0,15.0,22.0,0.5333333333333333,9.0,9.0,17.0,-2.0,-2.0,-2.0,-2.0,-2.0,-2.0,-2.0,-2.0,-2.0,103.0,100.0
933,933,"['Dialogue', 'strategies', 'based', 'on', 'the', 'user', 'modeling']",P03-1033.18,P03-1033.19,"(P03-1033.18,P03-1033.19)",1,"['P03-1033.18', 'P03-1033.19']",True,USAGE,1,-0.003008099519738964,Dialogue strategies,0.0,16.0,19.0,0.0625,9.0,11.0,-2.0,-2.0,-2.0,-2.0,-2.0,-2.0,-2.0,-2.0,-2.0,-2.0,115.0,68.0,user modeling,4.0,16.0,13.0,0.3125,9.0,17.0,-2.0,-2.0,-2.0,-2.0,-2.0,-2.0,-2.0,-2.0,-2.0,-2.0,103.0,117.0
946,946,"['unsupervised', 'learning', 'approach', 'to', 'building', 'a', 'non-English', '(Arabic)', 'stemmer']",P03-1050.1,P03-1050.2,"(P03-1050.1,P03-1050.2)",1,"['P03-1050.1', 'P03-1050.2']",False,USAGE,1,-0.0023248015457254037,unsupervised learning approach,4.0,9.0,30.0,0.5555555555555556,6.0,17.0,9.0,-2.0,-2.0,-2.0,-2.0,-2.0,-2.0,-2.0,-2.0,-2.0,104.0,117.0,non-English Arabic stemmer,8.0,9.0,26.0,1.0,6.0,10.0,9.0,-2.0,-2.0,-2.0,-2.0,-2.0,-2.0,-2.0,-2.0,-2.0,114.0,110.0
947,947,"['stemming', 'model', 'is', 'based', 'on', 'statistical', 'machine', 'translation']",P03-1050.3,P03-1050.4,"(P03-1050.3,P03-1050.4)",1,"['P03-1050.3', 'P03-1050.4']",True,USAGE,1,-0.0015309752900916412,stemming model,1.0,21.0,14.0,0.09523809523809523,17.0,9.0,-2.0,-2.0,-2.0,-2.0,-2.0,-2.0,-2.0,-2.0,-2.0,-2.0,108.0,115.0,statistical machine translation,5.0,21.0,31.0,0.2857142857142857,6.0,9.0,9.0,-2.0,-2.0,-2.0,-2.0,-2.0,-2.0,-2.0,-2.0,-2.0,110.0,115.0
966,966,"['language', 'that', 'needs', 'affix', 'removal']",P03-1050.15,P03-1050.16,"(P03-1050.15,P03-1050.16)",1,"['P03-1050.15', 'P03-1050.16']",True,MODEL-FEATURE,2,-0.002926229741297612,language,15.0,19.0,8.0,0.8421052631578947,9.0,-2.0,-2.0,-2.0,-2.0,-2.0,-2.0,-2.0,-2.0,-2.0,-2.0,-2.0,101.0,108.0,affix removal,18.0,19.0,13.0,1.0,9.0,9.0,-2.0,-2.0,-2.0,-2.0,-2.0,-2.0,-2.0,-2.0,-2.0,-2.0,108.0,97.0
982,982,"['Task-based', 'evaluation', 'using', 'Arabic', 'information', 'retrieval']",P03-1050.24,P03-1050.25,"(P03-1050.24,P03-1050.25)",1,"['P03-1050.24', 'P03-1050.25']",True,USAGE,1,-0.0025861727396647143,Task-based evaluation,0.0,22.0,21.0,0.045454545454545456,6.0,9.0,-2.0,-2.0,-2.0,-2.0,-2.0,-2.0,-2.0,-2.0,-2.0,-2.0,110.0,84.0,Arabic information retrieval,2.0,22.0,28.0,0.13636363636363635,10.0,9.0,9.0,-2.0,-2.0,-2.0,-2.0,-2.0,-2.0,-2.0,-2.0,-2.0,108.0,65.0
1013,1013,"['manually', 'segmented', 'Arabic', 'corpus', 'and', 'uses', 'it', 'to', 'bootstrap', 'an', 'unsupervised', 'algorithm']",P03-1051.8,P03-1051.9,"(P03-1051.8,P03-1051.9)",1,"['P03-1051.8', 'P03-1051.9']",False,USAGE,1,-0.0017398826479911806,manually segmented Arabic corpus,7.0,23.0,32.0,0.3478260869565217,13.0,18.0,10.0,9.0,-2.0,-2.0,-2.0,-2.0,-2.0,-2.0,-2.0,-2.0,115.0,109.0,unsupervised algorithm,14.0,23.0,22.0,0.6521739130434783,6.0,9.0,-2.0,-2.0,-2.0,-2.0,-2.0,-2.0,-2.0,-2.0,-2.0,-2.0,109.0,117.0
1018,1018,"['Arabic', 'word', 'segmenter', 'from', 'a', 'large', 'unsegmented', 'Arabic', 'corpus']",P03-1051.10,P03-1051.11,"(P03-1051.10,P03-1051.11)",1,"['P03-1051.10', 'P03-1051.11']",True,USAGE,1,-0.0022123479572209444,Arabic word segmenter,18.0,23.0,21.0,0.8260869565217391,10.0,9.0,9.0,-2.0,-2.0,-2.0,-2.0,-2.0,-2.0,-2.0,-2.0,-2.0,114.0,65.0,unsegmented Arabic corpus,22.0,23.0,25.0,1.0,6.0,10.0,9.0,-2.0,-2.0,-2.0,-2.0,-2.0,-2.0,-2.0,-2.0,-2.0,115.0,117.0
1021,1021,"['morpheme', 'sequence', 'for', 'a', 'given', 'input']",P03-1051.13,P03-1051.14,"(P03-1051.13,P03-1051.14)",1,"['P03-1051.13', 'P03-1051.14']",False,MODEL-FEATURE,2,-0.003432402596061612,morpheme sequence,10.0,15.0,17.0,0.7333333333333333,9.0,9.0,-2.0,-2.0,-2.0,-2.0,-2.0,-2.0,-2.0,-2.0,-2.0,-2.0,101.0,109.0,input,14.0,15.0,5.0,1.0,9.0,-2.0,-2.0,-2.0,-2.0,-2.0,-2.0,-2.0,-2.0,-2.0,-2.0,-2.0,116.0,105.0
1022,1022,"['language', 'model', 'is', 'initially', 'estimated', 'from', 'a', 'small', 'manually', 'segmented', 'corpus']",P03-1051.15,P03-1051.16,"(P03-1051.15,P03-1051.16)",1,"['P03-1051.15', 'P03-1051.16']",False,MODEL-FEATURE,2,-0.002133032029325312,language model,1.0,13.0,14.0,0.15384615384615385,9.0,9.0,-2.0,-2.0,-2.0,-2.0,-2.0,-2.0,-2.0,-2.0,-2.0,-2.0,108.0,108.0,manually segmented corpus,8.0,13.0,25.0,0.6923076923076923,13.0,18.0,9.0,-2.0,-2.0,-2.0,-2.0,-2.0,-2.0,-2.0,-2.0,-2.0,115.0,109.0
1047,1047,"['stems', 'from', 'a', '155', 'million', 'unsegmented', 'corpus']",P03-1051.21,P03-1051.23,"(P03-1051.21,P03-1051.23)",1,"['P03-1051.21', 'P03-1051.23']",False,PART_WHOLE,3,-0.0018566205318157488,stems,13.0,30.0,5.0,0.4666666666666667,11.0,-2.0,-2.0,-2.0,-2.0,-2.0,-2.0,-2.0,-2.0,-2.0,-2.0,-2.0,115.0,115.0,unsegmented corpus,19.0,30.0,18.0,0.6666666666666666,6.0,9.0,-2.0,-2.0,-2.0,-2.0,-2.0,-2.0,-2.0,-2.0,-2.0,-2.0,115.0,117.0
1058,1058,"['model', 'parameters', 'with', 'the', 'expanded', 'vocabulary']",P03-1051.24,P03-1051.25,"(P03-1051.24,P03-1051.25)",1,"['P03-1051.24', 'P03-1051.25']",False,USAGE,1,-0.002746828440576793,model parameters,23.0,30.0,16.0,0.8,9.0,11.0,-2.0,-2.0,-2.0,-2.0,-2.0,-2.0,-2.0,-2.0,-2.0,-2.0,115.0,109.0,vocabulary,27.0,30.0,10.0,0.9333333333333332,6.0,-2.0,-2.0,-2.0,-2.0,-2.0,-2.0,-2.0,-2.0,-2.0,-2.0,-2.0,121.0,118.0
1061,1061,"['Arabic', 'word', 'segmentation', 'system', 'achieves', 'around', '97%', 'exact', 'match', 'accuracy']",P03-1051.27,P03-1051.28,"(P03-1051.27,P03-1051.28)",1,"['P03-1051.27', 'P03-1051.28']",False,RESULT,5,-0.0015818753867473411,Arabic word segmentation system,2.0,13.0,31.0,0.2307692307692308,10.0,9.0,9.0,9.0,-2.0,-2.0,-2.0,-2.0,-2.0,-2.0,-2.0,-2.0,109.0,65.0,exact match accuracy,6.0,13.0,20.0,0.5384615384615384,9.0,9.0,9.0,-2.0,-2.0,-2.0,-2.0,-2.0,-2.0,-2.0,-2.0,-2.0,121.0,101.0
1066,1066,"['test', 'corpus', 'containing', '28,449', 'word', 'tokens']",P03-1051.29,P03-1051.30,"(P03-1051.29,P03-1051.30)",1,"['P03-1051.29', 'P03-1051.30']",True,PART_WHOLE,3,-0.0018512141307195028,test corpus,9.0,13.0,11.0,0.7692307692307693,9.0,9.0,-2.0,-2.0,-2.0,-2.0,-2.0,-2.0,-2.0,-2.0,-2.0,-2.0,115.0,116.0,word tokens,12.0,13.0,11.0,1.0,9.0,11.0,-2.0,-2.0,-2.0,-2.0,-2.0,-2.0,-2.0,-2.0,-2.0,-2.0,115.0,119.0
1069,1069,"['manually', 'segmented', 'corpus', 'of', 'the', 'language']",P03-1051.32,P03-1051.33,"(P03-1051.32,P03-1051.33)",1,"['P03-1051.32', 'P03-1051.33']",False,MODEL-FEATURE,2,-0.002812920093536377,manually segmented corpus,23.0,29.0,25.0,0.8275862068965517,13.0,18.0,9.0,-2.0,-2.0,-2.0,-2.0,-2.0,-2.0,-2.0,-2.0,-2.0,115.0,109.0,language,26.0,29.0,8.0,0.9310344827586208,9.0,-2.0,-2.0,-2.0,-2.0,-2.0,-2.0,-2.0,-2.0,-2.0,-2.0,-2.0,101.0,108.0
1070,1070,"['word', 'sense', 'disambiguation', '(WSD)', 'is', 'the', 'lack', 'of', 'manually', 'sense-tagged', 'data']",P03-1058.1,P03-1058.2,"(P03-1058.1,P03-1058.2)",1,"['P03-1058.1', 'P03-1058.2']",True,USAGE,1,-0.001927100698524547,word sense disambiguation WSD,4.0,13.0,29.0,0.38461538461538464,9.0,9.0,9.0,9.0,-2.0,-2.0,-2.0,-2.0,-2.0,-2.0,-2.0,-2.0,68.0,119.0,manually sense-tagged data,9.0,13.0,26.0,0.7692307692307693,13.0,6.0,11.0,-2.0,-2.0,-2.0,-2.0,-2.0,-2.0,-2.0,-2.0,-2.0,97.0,109.0
1073,1073,"['sense-tagged', 'training', 'data', 'from', 'English-Chinese', 'parallel', 'corpora']",P03-1058.4,P03-1058.5,"(P03-1058.4,P03-1058.5)",1,"['P03-1058.4', 'P03-1058.5']",False,MODEL-FEATURE,2,-0.0030380651377892322,sense-tagged training data,10.0,24.0,26.0,0.4583333333333333,6.0,9.0,11.0,-2.0,-2.0,-2.0,-2.0,-2.0,-2.0,-2.0,-2.0,-2.0,97.0,115.0,English-Chinese parallel corpora,12.0,24.0,32.0,0.5416666666666666,6.0,9.0,11.0,-2.0,-2.0,-2.0,-2.0,-2.0,-2.0,-2.0,-2.0,-2.0,97.0,69.0
1081,1081,"['domain', 'dependence', 'in', 'evaluating', 'WSD', 'programs']",P03-1058.13,P03-1058.14,"(P03-1058.13,P03-1058.14)",1,"['P03-1058.13', 'P03-1058.14']",False,MODEL-FEATURE,2,-0.0026489378724779394,domain dependence,10.0,14.0,17.0,0.7857142857142857,9.0,9.0,-2.0,-2.0,-2.0,-2.0,-2.0,-2.0,-2.0,-2.0,-2.0,-2.0,101.0,100.0,WSD programs,13.0,14.0,12.0,1.0,9.0,11.0,-2.0,-2.0,-2.0,-2.0,-2.0,-2.0,-2.0,-2.0,-2.0,-2.0,115.0,87.0
1082,1082,"['semantically', 'annotated', 'corpus', 'resource', 'as', 'reliable', 'basis', 'for', 'the', 'large-scale', 'acquisition', 'of', 'word-semantic', 'information']",P03-1068.1,P03-1068.2,"(P03-1068.1,P03-1068.2)",1,"['P03-1068.1', 'P03-1068.2']",False,USAGE,1,-0.002326507665216924,semantically annotated corpus,8.0,18.0,29.0,0.5,13.0,18.0,9.0,-2.0,-2.0,-2.0,-2.0,-2.0,-2.0,-2.0,-2.0,-2.0,115.0,115.0,acquisition of word-semantic information,16.0,18.0,40.0,0.9444444444444444,9.0,5.0,6.0,9.0,-2.0,-2.0,-2.0,-2.0,-2.0,-2.0,-2.0,-2.0,110.0,97.0
1088,1088,"['ambiguity', 'in', 'semantic', 'annotation']",P03-1068.9,P03-1068.10,"(P03-1068.9,P03-1068.10)",1,"['P03-1068.9', 'P03-1068.10']",False,MODEL-FEATURE,2,-0.002018926364404184,ambiguity,10.0,13.0,9.0,0.8461538461538461,9.0,-2.0,-2.0,-2.0,-2.0,-2.0,-2.0,-2.0,-2.0,-2.0,-2.0,-2.0,121.0,97.0,semantic annotation,12.0,13.0,19.0,1.0,6.0,9.0,-2.0,-2.0,-2.0,-2.0,-2.0,-2.0,-2.0,-2.0,-2.0,-2.0,110.0,115.0
1109,1109,"['attentional', 'focus', 'in', 'the', 'context', 'of', 'a', 'direction-giving', 'task']",P03-1070.9,P03-1070.10,"(P03-1070.9,P03-1070.10)",1,"['P03-1070.9', 'P03-1070.10']",False,MODEL-FEATURE,2,-0.0028208308841076845,attentional focus,5.0,12.0,17.0,0.5,6.0,9.0,-2.0,-2.0,-2.0,-2.0,-2.0,-2.0,-2.0,-2.0,-2.0,-2.0,115.0,97.0,direction-giving task,11.0,12.0,21.0,1.0,9.0,9.0,-2.0,-2.0,-2.0,-2.0,-2.0,-2.0,-2.0,-2.0,-2.0,-2.0,107.0,100.0
1113,1113,"['ECA', 'that', 'uses', 'verbal', 'and', 'nonverbal', 'grounding', 'acts']",P03-1070.14,P03-1070.15,"(P03-1070.14,P03-1070.15)",1,"['P03-1070.14', 'P03-1070.15']",True,USAGE,1,-0.001715030460744291,ECA,7.0,14.0,3.0,0.5714285714285714,9.0,-2.0,-2.0,-2.0,-2.0,-2.0,-2.0,-2.0,-2.0,-2.0,-2.0,-2.0,65.0,69.0,verbal and nonverbal grounding acts,10.0,14.0,35.0,0.7857142857142857,9.0,2.0,6.0,17.0,11.0,-2.0,-2.0,-2.0,-2.0,-2.0,-2.0,-2.0,115.0,118.0
1120,1120,"['HPSG', 'produces', 'a', 'more', 'effective', 'than', 'that', 'of', 'LTAG']",P03-2036.4,P03-2036.6,"(P03-2036.4,P03-2036.6)",1,"['P03-2036.4', 'P03-2036.6']",False,COMPARE,4,-0.003102932713533703,HPSG,6.0,16.0,4.0,0.4375,9.0,-2.0,-2.0,-2.0,-2.0,-2.0,-2.0,-2.0,-2.0,-2.0,-2.0,-2.0,71.0,72.0,LTAG,15.0,16.0,4.0,1.0,9.0,-2.0,-2.0,-2.0,-2.0,-2.0,-2.0,-2.0,-2.0,-2.0,-2.0,-2.0,71.0,76.0
1125,1125,"['analogies', 'among', 'the', 'sentences']",C04-1106.5,C04-1106.6,"(C04-1106.5,C04-1106.6)",1,"['C04-1106.5', 'C04-1106.6']",False,MODEL-FEATURE,2,-0.002739691346410721,analogies,12.0,19.0,9.0,0.6842105263157895,11.0,-2.0,-2.0,-2.0,-2.0,-2.0,-2.0,-2.0,-2.0,-2.0,-2.0,-2.0,115.0,97.0,sentences,15.0,19.0,9.0,0.8421052631578947,11.0,-2.0,-2.0,-2.0,-2.0,-2.0,-2.0,-2.0,-2.0,-2.0,-2.0,-2.0,115.0,115.0
1142,1142,"['CriterionSM', 'Online', 'Essay', 'Evaluation', 'Service', 'includes', 'a', 'capability', 'that', 'labels', 'in', 'student', 'writing']",N04-1024.1,N04-1024.3,"(N04-1024.1,N04-1024.3)",1,"['N04-1024.1', 'N04-1024.3']",False,USAGE,1,-0.002710011008323407,CriterionSM Online Essay Evaluation Service,0.0,13.0,43.0,0.07692307692307693,9.0,9.0,9.0,9.0,10.0,-2.0,-2.0,-2.0,-2.0,-2.0,-2.0,-2.0,101.0,67.0,writing,9.0,13.0,7.0,0.7692307692307693,17.0,-2.0,-2.0,-2.0,-2.0,-2.0,-2.0,-2.0,-2.0,-2.0,-2.0,-2.0,103.0,119.0
1149,1149,"['coherence', 'in', 'essays']",N04-1024.7,N04-1024.8,"(N04-1024.7,N04-1024.8)",1,"['N04-1024.7', 'N04-1024.8']",False,MODEL-FEATURE,2,-0.0022023799364594213,coherence,15.0,18.0,9.0,0.8888888888888888,9.0,-2.0,-2.0,-2.0,-2.0,-2.0,-2.0,-2.0,-2.0,-2.0,-2.0,-2.0,101.0,99.0,essays,17.0,18.0,6.0,1.0,11.0,-2.0,-2.0,-2.0,-2.0,-2.0,-2.0,-2.0,-2.0,-2.0,-2.0,-2.0,115.0,101.0
1150,1150,"['features', 'of', 'sentences']",N04-1024.9,N04-1024.10,"(N04-1024.9,N04-1024.10)",1,"['N04-1024.9', 'N04-1024.10']",False,MODEL-FEATURE,2,-0.003643041118498772,features,3.0,11.0,8.0,0.3636363636363637,11.0,-2.0,-2.0,-2.0,-2.0,-2.0,-2.0,-2.0,-2.0,-2.0,-2.0,-2.0,115.0,102.0,sentences,5.0,11.0,9.0,0.5454545454545454,11.0,-2.0,-2.0,-2.0,-2.0,-2.0,-2.0,-2.0,-2.0,-2.0,-2.0,-2.0,115.0,115.0
1156,1156,"['support', 'vector', 'machine', 'uses', 'these', 'features']",N04-1024.13,N04-1024.14,"(N04-1024.13,N04-1024.14)",1,"['N04-1024.13', 'N04-1024.14']",True,USAGE,1,-0.0030366942335347666,support vector machine,1.0,18.0,22.0,0.1111111111111111,9.0,9.0,9.0,-2.0,-2.0,-2.0,-2.0,-2.0,-2.0,-2.0,-2.0,-2.0,101.0,115.0,features,4.0,18.0,8.0,0.2777777777777778,11.0,-2.0,-2.0,-2.0,-2.0,-2.0,-2.0,-2.0,-2.0,-2.0,-2.0,-2.0,115.0,102.0
1166,1166,"['Intra-sentential', 'quality', 'is', 'evaluated', 'with', 'rule-based', 'heuristics']",N04-1024.18,N04-1024.19,"(N04-1024.18,N04-1024.19)",1,"['N04-1024.18', 'N04-1024.19']",True,TOPIC,6,-0.002962643795235213,Intra-sentential quality,0.0,5.0,24.0,0.2,6.0,9.0,-2.0,-2.0,-2.0,-2.0,-2.0,-2.0,-2.0,-2.0,-2.0,-2.0,121.0,73.0,rule-based heuristics,4.0,5.0,21.0,1.0,6.0,11.0,-2.0,-2.0,-2.0,-2.0,-2.0,-2.0,-2.0,-2.0,-2.0,-2.0,115.0,114.0
1167,1167,"['information', 'redundancy', 'in', 'multilingual', 'input']",H05-1005.1,H05-1005.2,"(H05-1005.1,H05-1005.2)",1,"['H05-1005.1', 'H05-1005.2']",False,MODEL-FEATURE,2,-0.003007989896668328,information redundancy,6.0,21.0,22.0,0.3333333333333333,9.0,9.0,-2.0,-2.0,-2.0,-2.0,-2.0,-2.0,-2.0,-2.0,-2.0,-2.0,121.0,105.0,multilingual input,8.0,21.0,18.0,0.42857142857142855,6.0,9.0,-2.0,-2.0,-2.0,-2.0,-2.0,-2.0,-2.0,-2.0,-2.0,-2.0,116.0,109.0
1177,1177,"['documents', 'are', 'in', 'Arabic']",H05-1005.6,H05-1005.7,"(H05-1005.6,H05-1005.7)",1,"['H05-1005.6', 'H05-1005.7']",True,MODEL-FEATURE,2,-0.0016414399500246405,documents,9.0,20.0,9.0,0.5,11.0,-2.0,-2.0,-2.0,-2.0,-2.0,-2.0,-2.0,-2.0,-2.0,-2.0,-2.0,115.0,100.0,Arabic,12.0,20.0,6.0,0.65,10.0,-2.0,-2.0,-2.0,-2.0,-2.0,-2.0,-2.0,-2.0,-2.0,-2.0,-2.0,99.0,65.0
1182,1182,"['summary', 'is', 'in', 'English']",H05-1005.8,H05-1005.9,"(H05-1005.8,H05-1005.9)",1,"['H05-1005.8', 'H05-1005.9']",True,MODEL-FEATURE,2,-0.0009884365516550405,summary,16.0,20.0,7.0,0.85,9.0,-2.0,-2.0,-2.0,-2.0,-2.0,-2.0,-2.0,-2.0,-2.0,-2.0,-2.0,121.0,115.0,English,19.0,20.0,7.0,1.0,6.0,-2.0,-2.0,-2.0,-2.0,-2.0,-2.0,-2.0,-2.0,-2.0,-2.0,-2.0,104.0,69.0
1191,1191,"['information', 'in', 'English']",H05-1005.15,H05-1005.16,"(H05-1005.15,H05-1005.16)",1,"['H05-1005.15', 'H05-1005.16']",True,MODEL-FEATURE,2,-0.002943378736575445,information,16.0,19.0,11.0,0.8947368421052632,9.0,-2.0,-2.0,-2.0,-2.0,-2.0,-2.0,-2.0,-2.0,-2.0,-2.0,-2.0,110.0,105.0,English,18.0,19.0,7.0,1.0,6.0,-2.0,-2.0,-2.0,-2.0,-2.0,-2.0,-2.0,-2.0,-2.0,-2.0,-2.0,104.0,69.0
1199,1199,"['maximum', 'entropy', 'word', 'alignment', 'algorithm', 'for', 'based', 'on', 'supervised', 'training', 'data']",H05-1012.1,H05-1012.3,"(H05-1012.1,H05-1012.3)",1,"['H05-1012.1', 'H05-1012.3']",True,USAGE,1,-0.0020991871541454674,maximum entropy word alignment algorithm,4.0,10.0,40.0,0.5,9.0,9.0,9.0,9.0,9.0,-2.0,-2.0,-2.0,-2.0,-2.0,-2.0,-2.0,109.0,109.0,supervised training data,9.0,10.0,24.0,1.0,18.0,9.0,11.0,-2.0,-2.0,-2.0,-2.0,-2.0,-2.0,-2.0,-2.0,-2.0,97.0,115.0
1206,1206,"['supervised', 'and', 'unsupervised', 'methods', 'yields', 'superior', 'performance']",H05-1012.6,H05-1012.7,"(H05-1012.6,H05-1012.7)",1,"['H05-1012.6', 'H05-1012.7']",False,RESULT,5,-0.002527051158979827,supervised and unsupervised methods,18.0,22.0,35.0,0.8636363636363636,18.0,2.0,6.0,11.0,-2.0,-2.0,-2.0,-2.0,-2.0,-2.0,-2.0,-2.0,115.0,115.0,performance,21.0,22.0,11.0,1.0,9.0,-2.0,-2.0,-2.0,-2.0,-2.0,-2.0,-2.0,-2.0,-2.0,-2.0,-2.0,101.0,112.0
1207,1207,"['probabilistic', 'model', 'used', 'in', 'the', 'alignment']",H05-1012.8,H05-1012.9,"(H05-1012.8,H05-1012.9)",1,"['H05-1012.8', 'H05-1012.9']",False,USAGE,1,-0.002610487586922116,probabilistic model,1.0,10.0,19.0,0.2,6.0,9.0,-2.0,-2.0,-2.0,-2.0,-2.0,-2.0,-2.0,-2.0,-2.0,-2.0,108.0,112.0,alignment,5.0,10.0,9.0,0.6,9.0,-2.0,-2.0,-2.0,-2.0,-2.0,-2.0,-2.0,-2.0,-2.0,-2.0,-2.0,116.0,97.0
1211,1211,"['phrase-based', 'statistical', 'machine', 'translation', 'method', 'based', 'on', 'non-contiguous', 'phrases']",H05-1095.1,H05-1095.2,"(H05-1095.1,H05-1095.2)",1,"['H05-1095.1', 'H05-1095.2']",True,USAGE,1,-0.0017726983797961265,phrase-based statistical machine translation method,4.0,9.0,51.0,0.5555555555555556,6.0,6.0,9.0,9.0,9.0,-2.0,-2.0,-2.0,-2.0,-2.0,-2.0,-2.0,100.0,112.0,non-contiguous phrases,7.0,9.0,22.0,0.8888888888888888,6.0,11.0,-2.0,-2.0,-2.0,-2.0,-2.0,-2.0,-2.0,-2.0,-2.0,-2.0,115.0,110.0
1212,1212,"['phrases', 'from', 'a', 'word-aligned', 'corpora']",H05-1095.4,H05-1095.5,"(H05-1095.4,H05-1095.5)",1,"['H05-1095.4', 'H05-1095.5']",False,PART_WHOLE,3,-0.0019180855018640648,phrases,5.0,11.0,7.0,0.5454545454545454,11.0,-2.0,-2.0,-2.0,-2.0,-2.0,-2.0,-2.0,-2.0,-2.0,-2.0,-2.0,115.0,112.0,word-aligned corpora,8.0,11.0,20.0,0.8181818181818182,6.0,11.0,-2.0,-2.0,-2.0,-2.0,-2.0,-2.0,-2.0,-2.0,-2.0,-2.0,97.0,119.0
1213,1213,"['statistical', 'translation', 'model', 'is', 'also', 'presented', 'that', 'deals', 'such', 'phrases']",H05-1095.6,H05-1095.7,"(H05-1095.6,H05-1095.7)",1,"['H05-1095.6', 'H05-1095.7']",False,USAGE,1,-0.0017372498636931378,statistical translation model,1.0,25.0,29.0,0.08,6.0,9.0,9.0,-2.0,-2.0,-2.0,-2.0,-2.0,-2.0,-2.0,-2.0,-2.0,108.0,115.0,phrases,8.0,25.0,7.0,0.36,11.0,-2.0,-2.0,-2.0,-2.0,-2.0,-2.0,-2.0,-2.0,-2.0,-2.0,-2.0,115.0,112.0
1220,1220,"['training', 'method', 'based', 'on', 'the', 'maximization', 'of', 'translation', 'accuracy']",H05-1095.8,H05-1095.9,"(H05-1095.8,H05-1095.9)",1,"['H05-1095.8', 'H05-1095.9']",True,USAGE,1,-0.002068796850019885,training method,13.0,25.0,15.0,0.56,9.0,9.0,-2.0,-2.0,-2.0,-2.0,-2.0,-2.0,-2.0,-2.0,-2.0,-2.0,100.0,116.0,translation accuracy,19.0,25.0,20.0,0.8,9.0,9.0,-2.0,-2.0,-2.0,-2.0,-2.0,-2.0,-2.0,-2.0,-2.0,-2.0,121.0,116.0
1223,1223,"['Translations', 'are', 'produced', 'by', 'means', 'of', 'a', 'beam-search', 'decoder']",H05-1095.11,H05-1095.12,"(H05-1095.11,H05-1095.12)",1,"['H05-1095.11', 'H05-1095.12']",True,USAGE,1,-0.0018637603955250586,Translations,0.0,8.0,12.0,0.125,11.0,-2.0,-2.0,-2.0,-2.0,-2.0,-2.0,-2.0,-2.0,-2.0,-2.0,-2.0,115.0,84.0,beam-search decoder,7.0,8.0,19.0,1.0,9.0,9.0,-2.0,-2.0,-2.0,-2.0,-2.0,-2.0,-2.0,-2.0,-2.0,-2.0,114.0,98.0
1224,1224,"['automatic', 'evaluation', 'of', 'machine', 'translation']",H05-1117.1,H05-1117.2,"(H05-1117.1,H05-1117.2)",1,"['H05-1117.1', 'H05-1117.2']",False,USAGE,1,-0.002677264806240965,automatic evaluation,6.0,24.0,20.0,0.2916666666666667,6.0,9.0,-2.0,-2.0,-2.0,-2.0,-2.0,-2.0,-2.0,-2.0,-2.0,-2.0,110.0,97.0,machine translation,8.0,24.0,19.0,0.375,9.0,9.0,-2.0,-2.0,-2.0,-2.0,-2.0,-2.0,-2.0,-2.0,-2.0,-2.0,110.0,109.0
1237,1237,"['rankings', 'produced', 'by', 'our', 'metric', 'correlate', 'highly', 'with', 'official', 'rankings']",H05-1117.8,H05-1117.9,"(H05-1117.8,H05-1117.9)",1,"['H05-1117.8', 'H05-1117.9']",False,COMPARE,4,-0.002973280237391105,rankings,6.0,24.0,8.0,0.2916666666666667,11.0,-2.0,-2.0,-2.0,-2.0,-2.0,-2.0,-2.0,-2.0,-2.0,-2.0,-2.0,115.0,114.0,official rankings,14.0,24.0,17.0,0.625,9.0,11.0,-2.0,-2.0,-2.0,-2.0,-2.0,-2.0,-2.0,-2.0,-2.0,-2.0,115.0,111.0
1240,1240,"['patterns', 'in', 'translation', 'data']",H05-2007.1,H05-2007.2,"(H05-2007.1,H05-2007.2)",1,"['H05-2007.1', 'H05-2007.2']",False,PART_WHOLE,3,-0.0018184833797982066,patterns,7.0,12.0,8.0,0.6666666666666666,11.0,-2.0,-2.0,-2.0,-2.0,-2.0,-2.0,-2.0,-2.0,-2.0,-2.0,-2.0,115.0,112.0,translation data,9.0,12.0,16.0,0.8333333333333334,9.0,11.0,-2.0,-2.0,-2.0,-2.0,-2.0,-2.0,-2.0,-2.0,-2.0,-2.0,97.0,116.0
1257,1257,"['patterns', 'in', 'machine', 'translation', 'output']",H05-2007.8,H05-2007.9,"(H05-2007.8,H05-2007.9)",1,"['H05-2007.8', 'H05-2007.9']",False,PART_WHOLE,3,-0.0027355399911786304,patterns,24.0,27.0,8.0,0.925925925925926,11.0,-2.0,-2.0,-2.0,-2.0,-2.0,-2.0,-2.0,-2.0,-2.0,-2.0,-2.0,115.0,112.0,machine translation output,26.0,27.0,26.0,1.0,9.0,9.0,9.0,-2.0,-2.0,-2.0,-2.0,-2.0,-2.0,-2.0,-2.0,-2.0,116.0,109.0
